Título;Precio;Enlace al Producto;Enlace de la Imagen
Hot Wheels, Paquete De 20 Autos;89.990;https://www.mercadolibre.com.ar/hot-wheels-paquete-de-20-autos/p/MLA21743103?pdp_filters=category:MLA432871#searchVariation=MLA21743103&position=1&search_layout=stack&type=product&tracking_id=7b462c6d-4de4-44f2-896c-2e2068df169d;https://http2.mlstatic.com/D_NQ_NP_658389-MLU72641777853_112023-V.jpg
Cars Combo Camion Mack + 8 Autitos Rayo Macqueen Orig Ditoys;26.449;https://articulo.mercadolibre.com.ar/MLA-676718076-cars-combo-camion-mack-8-autitos-rayo-macqueen-orig-ditoys-_JM#position=26&search_layout=stack&type=item&tracking_id=7b462c6d-4de4-44f2-896c-2e2068df169d;https://http2.mlstatic.com/D_NQ_NP_971140-MLA72102726668_102023-V.jpg
Autitos Hot Wheels X1 Unidad Auto Surtido Original Mattel;3.800;https://articulo.mercadolibre.com.ar/MLA-874693186-autitos-hot-wheels-x1-unidad-auto-surtido-original-mattel-_JM#position=27&search_layout=stack&type=item&tracking_id=7b462c6d-4de4-44f2-896c-2e2068df169d;https://http2.mlstatic.com/D_NQ_NP_964268-MLA53022171361_122022-V.jpg
Autitos Set De Coleccion Colores Pack X20 Combo Regalo;7.499;https://articulo.mercadolibre.com.ar/MLA-896312212-autitos-set-de-coleccion-colores-pack-x20-combo-regalo-_JM#position=28&search_layout=stack&type=item&tracking_id=7b462c6d-4de4-44f2-896c-2e2068df169d;https://http2.mlstatic.com/D_NQ_NP_750945-MLA44023567732_112020-V.jpg
Cars Camion Mack Con Autitos Y Lanzador Valijita Ditoys;11.432;https://www.mercadolibre.com.ar/cars-camion-mack-con-autitos-y-lanzador-valijita-ditoys/p/MLA23490331?pdp_filters=category:MLA432871#searchVariation=MLA23490331&position=2&search_layout=stack&type=product&tracking_id=7b462c6d-4de4-44f2-896c-2e2068df169d;https://http2.mlstatic.com/D_NQ_NP_937276-MLU69647278038_052023-V.jpg
Autitos Hot Wheels X 1 Unidad Surtidos - Original Mattel;9.000;https://articulo.mercadolibre.com.ar/MLA-1508181418-autitos-hot-wheels-x-1-unidad-surtidos-original-mattel-_JM#position=29&search_layout=stack&type=item&tracking_id=7b462c6d-4de4-44f2-896c-2e2068df169d;https://http2.mlstatic.com/D_NQ_NP_905856-MLA72516178033_102023-V.jpg
Auto Radio Control Remoto Libercam RAUT-48VE Autito De Carreras Bateria Recargable;35.000;https://www.mercadolibre.com.ar/auto-radio-control-remoto-libercam-raut-48ve-autito-de-carreras-bateria-recargable/p/MLA24208120?pdp_filters=category:MLA432871#searchVariation=MLA24208120&position=3&search_layout=stack&type=product&tracking_id=7b462c6d-4de4-44f2-896c-2e2068df169d;https://http2.mlstatic.com/D_NQ_NP_678243-MLU73228137819_122023-V.jpg
Autitos Set De Coleccion Colores Pack X15 Combo Regalo;6.499;https://articulo.mercadolibre.com.ar/MLA-923301103-autitos-set-de-coleccion-colores-pack-x15-combo-regalo-_JM#position=30&search_layout=stack&type=item&tracking_id=7b462c6d-4de4-44f2-896c-2e2068df169d;https://http2.mlstatic.com/D_NQ_NP_600729-MLA46225688141_052021-V.jpg
Exhibidor Para 60 Autos Escala 1/43. Repisa Autos Colección;39.000;https://click1.mercadolibre.com.ar/mclics/clicks/external/MLA/count?a=hG5xlGk9BlEvMqKS88eHuWQ57iyDvs19nWYa1BGzF51o6TqvPUn5Gmr2dGMVekA6nO1a05dhbVBKpErBFgcCZmtax0JSfxJJO4nZsP9Vdgnj%2FN7BimIhvB%2B4Oe3p33lo3gktLwMYNvbV89r7JIa21ZffJx4I1%2BgHm14QVVUSSxfLsp%2FB%2BD73ynkKEu%2FhkND%2FNh3CJdF2pVwFbcVHNdW76wKddn7J7OpkRSnJkkAROMQiCv4LLGQaT9IFtX9bMVCwll1r9je09SlGZRRYbb1cBqlgKcAkWGfXGMuBaa7Yz2Hoa8uJszKhkbLXNygGXgKaScB1rD8HeSlZpK%2BDzpwZ52DXInq5A2b5JZa32jcgGzVl6OOCWWN29DeejzQ%2BDL7kGIk7maSJJ6INNMMOHwrdDgdsT40EmTYP66omElBRWJyHnAi17HXtFrs4UZ%2Bq7f4CdsjGRDzpxWZ1UWkXGgcbCWMTOkgCvNKJZL3DNRZVHhUhCpPKBzNGha5UvROtFYbzL8uKhKTJQt2T%2FvrRV9QW7EjoT3hu1%2Fe8lMPfQCzd4lOLRFZAN0tHQ%2FcC%2F0gfe4LYtpti3%2Fz9JAnhNzt1sDvkH5Osi2J2HyuS1J8VHEXOcTYM4uoU2F6kQamEZ6wf65c9Xm8JlDiPldMEEVOSl90Kqobm%2F5M392T5aKvURJclZr8XMGLOafUlsDAe%2BQ08OosRQcqULKptRvE9UNLoozX9bj2D&e=mclics%2Fpseudo-search-pads-buybox%2B7708%2Cmclics%2Fbuybox-layout%2B25349%2Cmclics%2Fsearch-list-ad-algorithm%2B16026%2Cmclics%2Fshow-pads-search-list%2B5146%2Cmclics%2Fshow-pads-global%2B5176%2Cmclics%2Fdifferential-cvr-factor%2B29496&rb=x;https://http2.mlstatic.com/D_NQ_NP_799355-MLA70519956025_072023-V.jpg
Super Combo Ciudad Autitos Camion Ambulancia Auto Juguete;41.764;https://click1.mercadolibre.com.ar/mclics/clicks/external/MLA/count?a=zR%2BKujL%2FAnbWtI7cRvyskZ6uo6PtQXXnrmD9ppJpTKv1IriBazjwn%2B4AAyA3rVSfuwqEzQU9UZrQCdFvo6Di0czLXQMOPWe%2FRMEPSa%2BU%2BqNPVh%2B8T3i6alVNTJoLl0q86EnKCuqc%2FtgS9Tzh4kolaT2CEglYswqL6%2FdE3CPbhY73vBnOnEi9n%2FcBcDWTFXzBFwqiRlLiPfmytnKPz%2FZE2U8pCQL8s6FF9H6rYcsQTtvFYqt3emKJlxbCKGgvyXZLlZgZ8paxkJqVl0tmyMjDZoHQkz8bzsPnaA8i%2B5ulClOooL3Y4BhAFn5nLgd7AeLRjGn6qvhrLV7EEEF%2B7D1CwbqQJjTrAhgkFcXnzH6TzBJiTJgYjmFmCDI7lln1cCdaTFk%2BbHz%2FhO7gVOytvDeJfZp4Ia11iZHLf%2B6SVj2aOIA0AOmDIgxnyWAm7EsPop4K%2BP6pHCiFYSjTnqRI1Qi4XzVKwDTT48u3wqMC4qOanhy%2F4eRZRps%2FztwJCgHgp0LrkQyw7F8Z4czp12VCN5hX23uOjdVdzgqBc7yQzzgrOBQz3BICmLmX02kkF2C1ErO%2FXZwr8T1xCjh4bx%2F1t0TQu5Gxamh0F2P1PxyGDj4KQYtT68E3MeJw1K4i3rvjoYPCZMW56xFGyRszB%2BwgfkIjoWDy%2BkQO5uJv9qqEc772qUvAdH4S8bNnVnWlM4wAqjM5IcM6NyNotG1WbpwgQs4w2ArfTt%2B2Ow%3D%3D&e=mclics%2Fpseudo-search-pads-buybox%2B7708%2Cmclics%2Fbuybox-layout%2B25349%2Cmclics%2Fsearch-list-ad-algorithm%2B16026%2Cmclics%2Fshow-pads-search-list%2B5146%2Cmclics%2Fshow-pads-global%2B5176%2Cmclics%2Fdifferential-cvr-factor%2B29496&rb=x;https://http2.mlstatic.com/D_NQ_NP_983732-MLA49719760244_042022-V.jpg
Juguete Camion Transportador De Dinosaurios Autito Maletin;19.990;https://www.mercadolibre.com.ar/juguete-camion-transportador-de-dinosaurios-autito-maletin/p/MLA23467735?pdp_filters=category:MLA432871#searchVariation=MLA23467735&position=4&search_layout=stack&type=product&tracking_id=7b462c6d-4de4-44f2-896c-2e2068df169d;https://http2.mlstatic.com/D_NQ_NP_621387-MLU69630703084_052023-V.jpg
Autito Hot Wheels X1 Unidad Auto Surtido Original Mattel;3.850;https://articulo.mercadolibre.com.ar/MLA-1380428009-autito-hot-wheels-x1-unidad-auto-surtido-original-mattel-_JM#position=31&search_layout=stack&type=item&tracking_id=7b462c6d-4de4-44f2-896c-2e2068df169d;https://http2.mlstatic.com/D_NQ_NP_831910-MLA70764096441_072023-V.jpg
Autitos Set De Coleccion Colores Pack X25 Combo Regalo;8.999;https://articulo.mercadolibre.com.ar/MLA-896310429-autitos-set-de-coleccion-colores-pack-x25-combo-regalo-_JM#position=32&search_layout=stack&type=item&tracking_id=7b462c6d-4de4-44f2-896c-2e2068df169d;https://http2.mlstatic.com/D_NQ_NP_629017-MLA44023612256_112020-V.jpg
Pack 6 Autitos Serie Cars Rayo Mcqueen Pull Back 6 Unidades;8.900;https://www.mercadolibre.com.ar/pack-6-autitos-serie-cars-rayo-mcqueen-pull-back-6-unidades/p/MLA23490337?pdp_filters=category:MLA432871#searchVariation=MLA23490337&position=5&search_layout=stack&type=product&tracking_id=7b462c6d-4de4-44f2-896c-2e2068df169d;https://http2.mlstatic.com/D_NQ_NP_634533-MLU69661013737_052023-V.jpg
Autitos Hot Wheels Pack X3 Vehiculos Surtidos Autos Mattel;11.400;https://articulo.mercadolibre.com.ar/MLA-874688764-autitos-hot-wheels-pack-x3-vehiculos-surtidos-autos-mattel-_JM#position=33&search_layout=stack&type=item&tracking_id=7b462c6d-4de4-44f2-896c-2e2068df169d;https://http2.mlstatic.com/D_NQ_NP_943642-MLA50451072854_062022-V.jpg
Auto Radio Control Remoto Libercam RAUT-48RJ Autito De Carreras Bateria Recargable;35.000;https://www.mercadolibre.com.ar/auto-radio-control-remoto-libercam-raut-48rj-autito-de-carreras-bateria-recargable/p/MLA25304834?pdp_filters=category:MLA432871#searchVariation=MLA25304834&position=6&search_layout=stack&type=product&tracking_id=7b462c6d-4de4-44f2-896c-2e2068df169d;https://http2.mlstatic.com/D_NQ_NP_611999-MLU73140872746_122023-V.jpg
Autitos Hot Wheels X1 Unidad Auto Surtido Original Mattel;4.525;https://articulo.mercadolibre.com.ar/MLA-1373136697-autitos-hot-wheels-x1-unidad-auto-surtido-original-mattel-_JM#position=34&search_layout=stack&type=item&tracking_id=7b462c6d-4de4-44f2-896c-2e2068df169d;https://http2.mlstatic.com/D_NQ_NP_927619-MLA69928976263_062023-V.jpg
Set De Autitos En Blister Contructores Policias Militares Bo;2.638;https://articulo.mercadolibre.com.ar/MLA-1290995379-set-de-autitos-en-blister-contructores-policias-militares-bo-_JM#position=35&search_layout=stack&type=item&tracking_id=7b462c6d-4de4-44f2-896c-2e2068df169d;https://http2.mlstatic.com/D_NQ_NP_972237-MLA53042927452_122022-V.jpg
Set De Autitos En Blister Contructores Policias Militares Bo;2.638;https://click1.mercadolibre.com.ar/mclics/clicks/external/MLA/count?a=GfeqFSLXmOqTUzvq3B71HILcVTPlDjDKxCfKjio5cmQ8zxN7%2FQNuBeUYMkNyqz6ErDGRNsh%2FiQ2oexxE2%2FAlUbQbmi3GKTc%2BikOgA6CVZy42HuvoYYloRDTFq9CpMyxbc1c0m2KlglWtDIC5F3XSKYu6VjIsyiFI0ufGqDEigBiMKpclClWC2Bn%2FebmKoFRolpNZ7ZHivz0VyglIuMbGRwmXTlyGkE93PNMdbu4ntFgQwpkbZAW21JH4fG1dvNVDlIg%2Fl%2FWMaB9NzUqVRm6aQWfvRDYqpnVPfWqcET8QJU0puu1QwptfqrsfEUIKAy%2BevXRNKcxAYhBdIIFoEzCrnZqIFGv2w15ZxiU4dszvb8JXhAiuYkL0Ap0icm3b5jrsi7tIAzrtJVDkDdmczhVCjYimplQsl9PKWTM6lSHGGoSLI3upCwJTe%2BFwXBsG5jwKQFn7yxTZ7PTyfqxOhsS1stganGfxFX9CWbD3KkYmAIaBPClLqbsHDKUZ8LdLC25HAuXyFaBaUr3f4K02UEosV4fqkrduOT1REzqUWCmloz%2Fn9wQmCNHAswC3Y13XCQazkIzkqcJ8PzyjZ%2FBVAeZ8kuF%2FeBcRn5xt2TLmD0O%2F2KdQBJFEasinedcDWA%2BsyaZmDmLrqhkHUlTUmrLvHeEA%2BbY5jdHe8sb%2FrsATaQggtHWugdAe2hkCRQnjRcoeuPxWFmrS6f8aRUbww%2Bzuz6FLcCYuzdfBFeNBnTw%3D&e=mclics%2Fpseudo-search-pads-buybox%2B7708%2Cmclics%2Fbuybox-layout%2B25349%2Cmclics%2Fsearch-list-ad-algorithm%2B16026%2Cmclics%2Fshow-pads-search-list%2B5146%2Cmclics%2Fshow-pads-global%2B5176%2Cmclics%2Fdifferential-cvr-factor%2B29496&rb=x;https://http2.mlstatic.com/D_NQ_NP_972237-MLA53042927452_122022-V.jpg
Set X 2 Autitos Metal A Rueda Libre Juguete Niños Diversion ;1.717;https://click1.mercadolibre.com.ar/mclics/clicks/external/MLA/count?a=ll6xPp3DJy3lqvvc0H1ogOfGK7QavOvZDFRIcE0bT3U5RQ8uq7u4xXN%2BI%2Fek75R%2BkfTj909C%2FmP8YZPAYB5gdQcRhVO1HUPSu6zIhTb5kvVra32jxNcUAhv69zLXMdqZ78U5P7A0se6rbv%2BknNGlhljxKLFyLmRTkLcMnAx6Bvo0u7zLhTvneDtTQ4pEfHcvSrm3GHxwdGAgToMGvsm6zL4SsFx887wqB3souoJBpHn92PlTL4z4AMQCzL5OQWSljhDPllhoCNXKGPT2AEq4VPYuZJZU8kMBtd9%2FdNEMb89k3CrqvzfQf5%2BQyIXzMZbRWxnohRUkzLb2d6gVu%2BqXl%2BUFZfuoybJ3%2Bc6zxOu%2FB9TTlysgGWY5PIf4xzcHj%2BjJBBoR69mCfyyTqhtc%2BjR8tvlxth3FGfdVNQ3luXEAOIHWybCJYwaA6UHlqcx5sbEQqreObrozUg0n5YJ6b3UzeYncDWV4aS6DV2uUYQOtVCKoFrYHnA60TBttk%2FuzO3FOJzhZh0mNVFAqB%2F4hGitsUlMnYZnyfSf9t2k2X8oOoBy4ksFBJtpEwi%2BdatWNqq0JNTPMpFyT4Oeyoo3gEuM9solISxpQ8xfsJi0dbSWIADVtVms2MECQyCqC48cosY6VYCUeAnUQrmx1ocTexLxvpZXm47%2Be6YnEc%2FcwceLL8npijCbI1RLX8QoW%2BWn0BhzzJJbPrSbiGSFHuZw4EZ2Pm6Sy1AkrgzQ%3D&e=mclics%2Fpseudo-search-pads-buybox%2B7708%2Cmclics%2Fbuybox-layout%2B25349%2Cmclics%2Fsearch-list-ad-algorithm%2B16026%2Cmclics%2Fshow-pads-search-list%2B5146%2Cmclics%2Fshow-pads-global%2B5176%2Cmclics%2Fdifferential-cvr-factor%2B29496&rb=x;https://http2.mlstatic.com/D_NQ_NP_834571-MLA69841251603_062023-V.jpg
Autitos Hot Wheels Pack X5 Unidades Surtidos Autos Mattel ;20.000;https://articulo.mercadolibre.com.ar/MLA-874688095-autitos-hot-wheels-pack-x5-unidades-surtidos-autos-mattel-_JM#position=36&search_layout=stack&type=item&tracking_id=7b462c6d-4de4-44f2-896c-2e2068df169d;https://http2.mlstatic.com/D_NQ_NP_718416-MLA43238731082_082020-V.jpg
Valija Guarda Autos Hot Wheels Estuche Coleccion Vehiculos;4.863;https://www.mercadolibre.com.ar/valija-guarda-autos-hot-wheels-estuche-coleccion-vehiculos/p/MLA26529312?pdp_filters=category:MLA432871#searchVariation=MLA26529312&position=7&search_layout=stack&type=product&tracking_id=7b462c6d-4de4-44f2-896c-2e2068df169d;https://http2.mlstatic.com/D_NQ_NP_796106-MLU72636563565_112023-V.jpg
Autitos Hot Wheels X1 Unidad Auto Original Mattel;4.440;https://articulo.mercadolibre.com.ar/MLA-1523570630-autitos-hot-wheels-x1-unidad-auto-original-mattel-_JM#position=37&search_layout=stack&type=item&tracking_id=7b462c6d-4de4-44f2-896c-2e2068df169d;https://http2.mlstatic.com/D_NQ_NP_621214-MLA73045550932_112023-V.jpg
Pack De Autitos Dino Vehículos El Duende Azul Personaje Dino Vehículos Surtidos;17.990;https://www.mercadolibre.com.ar/pack-de-autitos-dino-vehiculos-el-duende-azul-personaje-dino-vehiculos-surtidos/p/MLA26323265?pdp_filters=category:MLA432871#searchVariation=MLA26323265&position=8&search_layout=stack&type=product&tracking_id=7b462c6d-4de4-44f2-896c-2e2068df169d;https://http2.mlstatic.com/D_NQ_NP_866874-MLU73204604743_122023-V.jpg
Autitos Hot Wheels Pack X6 Vehiculos Surtidos Autos Mattel;22.800;https://articulo.mercadolibre.com.ar/MLA-1152596555-autitos-hot-wheels-pack-x6-vehiculos-surtidos-autos-mattel-_JM#position=38&search_layout=stack&type=item&tracking_id=7b462c6d-4de4-44f2-896c-2e2068df169d;https://http2.mlstatic.com/D_NQ_NP_943642-MLA50451072854_062022-V.jpg
Set Blister De 24 Autitos Metalico 1.64 Art 161325 Loonytoys;12.200;https://articulo.mercadolibre.com.ar/MLA-1126052880-set-blister-de-24-autitos-metalico-164-art-161325-loonytoys-_JM#position=39&search_layout=stack&type=item&tracking_id=7b462c6d-4de4-44f2-896c-2e2068df169d;https://http2.mlstatic.com/D_NQ_NP_978387-MLA49277644300_032022-V.jpg
Autitos Juguete Super Mario Bros Kart A Friccion X4 Unidad ;18.500;https://articulo.mercadolibre.com.ar/MLA-1376934625-autitos-juguete-super-mario-bros-kart-a-friccion-x4-unidad-_JM#position=40&search_layout=stack&type=item&tracking_id=7b462c6d-4de4-44f2-896c-2e2068df169d;https://http2.mlstatic.com/D_NQ_NP_830028-MLA70456676776_072023-V.jpg
Autitos Hot Wheels X1 Unidad Auto Surtido Original Mattel;4.299;https://articulo.mercadolibre.com.ar/MLA-1391361903-autitos-hot-wheels-x1-unidad-auto-surtido-original-mattel-_JM#position=41&search_layout=stack&type=item&tracking_id=7b462c6d-4de4-44f2-896c-2e2068df169d;https://http2.mlstatic.com/D_NQ_NP_732119-MLA72108723283_102023-V.jpg
Pista Luminosa Flexible Magic Race 168pzs 1 Auto;17.197;https://www.mercadolibre.com.ar/pista-luminosa-flexible-magic-race-168pzs-1-auto/p/MLA23531132?pdp_filters=category:MLA432871#searchVariation=MLA23531132&position=11&search_layout=stack&type=product&tracking_id=7b462c6d-4de4-44f2-896c-2e2068df169d;https://http2.mlstatic.com/D_NQ_NP_653349-MLU72608038609_112023-V.jpg
Welly Auto A Escala 1:36 Hyundai Tucson 43718 Color Naranja;7.990;https://www.mercadolibre.com.ar/welly-auto-a-escala-136-hyundai-tucson-43718-color-naranja/p/MLA23850801?pdp_filters=category:MLA432871#searchVariation=MLA23850801&position=12&search_layout=stack&type=product&tracking_id=7b462c6d-4de4-44f2-896c-2e2068df169d;https://http2.mlstatic.com/D_NQ_NP_760081-MLU69864139823_062023-V.jpg
Cars Camion Transporte De Autos;19.700;https://www.mercadolibre.com.ar/cars-camion-transporte-de-autos/p/MLA23527385?pdp_filters=category:MLA432871#searchVariation=MLA23527385&position=13&search_layout=stack&type=product&tracking_id=7b462c6d-4de4-44f2-896c-2e2068df169d;https://http2.mlstatic.com/D_NQ_NP_981919-MLU69666861788_052023-V.jpg
Autito Auto Hot Wheels Coleccion Hw Modified Original Mattel;6.490;https://articulo.mercadolibre.com.ar/MLA-1524519868-autito-auto-hot-wheels-coleccion-hw-modified-original-mattel-_JM#position=42&search_layout=stack&type=item&tracking_id=7b462c6d-4de4-44f2-896c-2e2068df169d;https://http2.mlstatic.com/D_NQ_NP_619459-MLA71970976426_092023-V.jpg
Auto Radio Control Remoto Libercam RAUT-48GR Autito De Carreras Bateria Recargable;35.000;https://www.mercadolibre.com.ar/auto-radio-control-remoto-libercam-raut-48gr-autito-de-carreras-bateria-recargable/p/MLA24226302?pdp_filters=category:MLA432871#searchVariation=MLA24226302&position=14&search_layout=stack&type=product&tracking_id=7b462c6d-4de4-44f2-896c-2e2068df169d;https://http2.mlstatic.com/D_NQ_NP_634993-MLU73114229517_112023-V.jpg
Welly 1:34 Volkswagen Bus T2 Rojo 42347cw E. Full;15.450;https://www.mercadolibre.com.ar/welly-134-volkswagen-bus-t2-rojo-42347cw-e-full/p/MLA21741368?pdp_filters=category:MLA432871#searchVariation=MLA21741368&position=15&search_layout=stack&type=product&tracking_id=7b462c6d-4de4-44f2-896c-2e2068df169d;https://http2.mlstatic.com/D_NQ_NP_775519-MLA46203996280_052021-V.jpg
Camiones De Juguetes Grandes Mosquito Rampa Transportador ;7.900;https://www.mercadolibre.com.ar/camiones-de-juguetes-grandes-mosquito-rampa-transportador/p/MLA23751241?pdp_filters=category:MLA432871#searchVariation=MLA23751241&position=16&search_layout=stack&type=product&tracking_id=7b462c6d-4de4-44f2-896c-2e2068df169d;https://http2.mlstatic.com/D_NQ_NP_762150-MLU73127812752_122023-V.jpg
Set X 2 Autitos Metal A Rueda Libre Juguete Niños Diversion ;1.717;https://articulo.mercadolibre.com.ar/MLA-1372457815-set-x-2-autitos-metal-a-rueda-libre-juguete-ninos-diversion-_JM#position=43&search_layout=stack&type=item&tracking_id=7b462c6d-4de4-44f2-896c-2e2068df169d;https://http2.mlstatic.com/D_NQ_NP_834571-MLA69841251603_062023-V.jpg
Autitos Hot Wheels Pack X3 Vehiculos Surtidos Autos E. Full;12.600;https://articulo.mercadolibre.com.ar/MLA-1120638071-autitos-hot-wheels-pack-x3-vehiculos-surtidos-autos-e-full-_JM#position=44&search_layout=stack&type=item&tracking_id=7b462c6d-4de4-44f2-896c-2e2068df169d;https://http2.mlstatic.com/D_NQ_NP_664704-MLA43238785796_082020-V.jpg
Set De Autos Cars 4 Vehiculos Pull Back Ditoys;9.999;https://www.mercadolibre.com.ar/set-de-autos-cars-4-vehiculos-pull-back-ditoys/p/MLA22495588?pdp_filters=category:MLA432871#searchVariation=MLA22495588&position=17&search_layout=stack&type=product&tracking_id=7b462c6d-4de4-44f2-896c-2e2068df169d;https://http2.mlstatic.com/D_NQ_NP_619707-MLA46320734942_062021-V.jpg
Hot Wheels Combo Autitos X 10 Unidades Original Mattel 1:64;35.990;https://articulo.mercadolibre.com.ar/MLA-727055818-hot-wheels-combo-autitos-x-10-unidades-original-mattel-164-_JM#position=45&search_layout=stack&type=item&tracking_id=7b462c6d-4de4-44f2-896c-2e2068df169d;https://http2.mlstatic.com/D_NQ_NP_801064-MLA71116729872_082023-V.jpg
Auto A Radio Control Remoto Recargable Autito Juguete Luz Color Celeste;52.000;https://www.mercadolibre.com.ar/auto-a-radio-control-remoto-recargable-autito-juguete-luz-color-celeste/p/MLA24253006?pdp_filters=category:MLA432871#searchVariation=MLA24253006&position=18&search_layout=stack&type=product&tracking_id=7b462c6d-4de4-44f2-896c-2e2068df169d;https://http2.mlstatic.com/D_NQ_NP_800512-MLU72700171815_112023-V.jpg
Autos Autitos Hot Wheels Originales Pack X3 Palermo V Lopez;13.100;https://articulo.mercadolibre.com.ar/MLA-885370013-autos-autitos-hot-wheels-originales-pack-x3-palermo-v-lopez-_JM#position=46&search_layout=stack&type=item&tracking_id=7b462c6d-4de4-44f2-896c-2e2068df169d;https://http2.mlstatic.com/D_NQ_NP_686182-MLA43871229366_102020-V.jpg
Cars Combo 8 Autitos + Camion Mack Rayo Macqueen Orig Ditoys;26.449;https://articulo.mercadolibre.com.ar/MLA-675144992-cars-combo-8-autitos-camion-mack-rayo-macqueen-orig-ditoys-_JM#position=47&search_layout=stack&type=item&tracking_id=7b462c6d-4de4-44f2-896c-2e2068df169d;https://http2.mlstatic.com/D_NQ_NP_776968-MLA31035410068_062019-V.jpg
Autitos Rápido Y Furioso Mc Donalds ;1.200;https://articulo.mercadolibre.com.ar/MLA-1390154697-autitos-rapido-y-furioso-mc-donalds-_JM#position=48&search_layout=stack&type=item&tracking_id=7b462c6d-4de4-44f2-896c-2e2068df169d;https://http2.mlstatic.com/D_NQ_NP_987294-MLA71899785026_092023-V.jpg
Rondi Parking 5 Niveles 7001;28.197;https://www.mercadolibre.com.ar/rondi-parking-5-niveles-7001/p/MLA27634664?pdp_filters=category:MLA432871#searchVariation=MLA27634664&position=21&search_layout=stack&type=product&tracking_id=7b462c6d-4de4-44f2-896c-2e2068df169d;https://http2.mlstatic.com/D_NQ_NP_771998-MLU73129431334_122023-V.jpg
Hot Wheels Autos Surtido Colección Hot Wheels Autitos;3.499;https://articulo.mercadolibre.com.ar/MLA-1107256845-hot-wheels-autos-surtido-coleccion-hot-wheels-autitos-_JM#position=49&search_layout=stack&type=item&tracking_id=7b462c6d-4de4-44f2-896c-2e2068df169d;https://http2.mlstatic.com/D_NQ_NP_781020-MLA43847473490_102020-V.jpg
Auto Autito De Madera Artesanal Varios Colores 10x3cm Chk;1.300;https://articulo.mercadolibre.com.ar/MLA-1133238326-auto-autito-de-madera-artesanal-varios-colores-10x3cm-chk-_JM?searchVariation=174428895461#searchVariation=174428895461&position=50&search_layout=stack&type=item&tracking_id=7b462c6d-4de4-44f2-896c-2e2068df169d;https://http2.mlstatic.com/D_NQ_NP_726625-MLA49727944050_042022-V.jpg
Welly 1:43 Toyota Yaris Escala Colección Metal - Del Tomate Color Plateado;5.772;https://www.mercadolibre.com.ar/welly-143-toyota-yaris-escala-coleccion-metal-del-tomate-color-plateado/p/MLA27986618?pdp_filters=category:MLA432871#searchVariation=MLA27986618&position=22&search_layout=stack&type=product&tracking_id=7b462c6d-4de4-44f2-896c-2e2068df169d;https://http2.mlstatic.com/D_NQ_NP_671282-MLU72721294165_112023-V.jpg
Hot Whells Autitos Pack 10 Unidades 2021 Línea Nueva.surtido;34.999;https://articulo.mercadolibre.com.ar/MLA-1107864250-hot-whells-autitos-pack-10-unidades-2021-linea-nuevasurtido-_JM#position=51&search_layout=stack&type=item&tracking_id=7b462c6d-4de4-44f2-896c-2e2068df169d;https://http2.mlstatic.com/D_NQ_NP_749735-MLA71858728546_092023-V.jpg
Juguete Camion Mosquito Guarda 6 Autos Y Señales Rampa ;27.000;https://www.mercadolibre.com.ar/juguete-camion-mosquito-guarda-6-autos-y-senales-rampa/p/MLA23637419?pdp_filters=category:MLA432871#searchVariation=MLA23637419&position=23&search_layout=stack&type=product&tracking_id=7b462c6d-4de4-44f2-896c-2e2068df169d;https://http2.mlstatic.com/D_NQ_NP_870558-MLU72597569895_102023-V.jpg
Autos Maisto Surtidos Fresh Metal - Original ;2.198;https://articulo.mercadolibre.com.ar/MLA-1148414198-autos-maisto-surtidos-fresh-metal-original-_JM#position=52&search_layout=stack&type=item&tracking_id=7b462c6d-4de4-44f2-896c-2e2068df169d;https://http2.mlstatic.com/D_NQ_NP_780333-MLA54697261715_032023-V.jpg
Autito Control Remoto Gadnic Twist15 Giros Camioneta Monster Color Naranja;44.999;https://www.mercadolibre.com.ar/autito-control-remoto-gadnic-twist15-giros-camioneta-monster-color-naranja/p/MLA19101769?pdp_filters=category:MLA432871#searchVariation=MLA19101769&position=24&search_layout=stack&type=product&tracking_id=7b462c6d-4de4-44f2-896c-2e2068df169d;https://http2.mlstatic.com/D_NQ_NP_938082-MLU72972409593_112023-V.jpg
Mercedes Sprinter Dhl Escala 1:48 Auto Escala Autitos;28.480;https://articulo.mercadolibre.com.ar/MLA-1393106066-mercedes-sprinter-dhl-escala-148-auto-escala-autitos-_JM#position=53&search_layout=stack&type=item&tracking_id=7b462c6d-4de4-44f2-896c-2e2068df169d;https://http2.mlstatic.com/D_NQ_NP_747079-MLA54909852513_042023-V.jpg
Camion Transportador Mosquito 214 Juguete Autos Duravit;23.400;https://www.mercadolibre.com.ar/camion-transportador-mosquito-214-juguete-autos-duravit/p/MLA23529334?pdp_filters=category:MLA432871#searchVariation=MLA23529334&position=25&search_layout=stack&type=product&tracking_id=7b462c6d-4de4-44f2-896c-2e2068df169d;https://http2.mlstatic.com/D_NQ_NP_628789-MLU69667525440_052023-V.jpg
Hot Wheels Pack X 32 Autitos Surtidos Original Mattel;109.999;https://articulo.mercadolibre.com.ar/MLA-875137331-hot-wheels-pack-x-32-autitos-surtidos-original-mattel-_JM#position=54&search_layout=stack&type=item&tracking_id=7b462c6d-4de4-44f2-896c-2e2068df169d;https://http2.mlstatic.com/D_NQ_NP_734350-MLA43263533203_082020-V.jpg
Super Combo Ciudad Autitos Camion Ambulancia Auto Juguete X9;29.013;https://click1.mercadolibre.com.ar/mclics/clicks/external/MLA/count?a=weHzHtCtQkTorkhrIc2XoRscRHmH89oEn%2Bg98D%2B%2BFFfob%2Bgb%2BbtC9u2mknWQ21TLn4%2FOB58v3S0GBfgVC2pNv0iAyOnzVI2%2Fwz76OyYSTs2LvzyxPmysYP6FCC0ouQ%2FGKiHV98L5vuHaY7wzPgpbnJV5qjZk5jFtsC8IvnK6oXGzPd8FFauUxXj77MjC24gUqI82sCCTlK05hYxWVoRhlaXLeZwQjk3WrZ1ELeFTLXhZ54rkAHe630938xzRmtTGQeOnQgr8RwZ%2FgzJswFob5Sp5APXvigBhXn3OnCnPE%2BgDTGekAYEsbZ7YN2nLI1NF5ldzv1cIViS5RNPeN%2BXzfW9F053LyvufHv%2B%2BRIaU%2FfWkDzevweTMsJb4kMr2QapRzgi76jKyWJJs0ryRWQwM6B7aAs353xw0Lf2n42O99usoEb%2FUwQ9V9y1QlUjK%2BNWKaHZ2Imv9N7maLms%2F0gSP98WsblUSRfmeBpst%2FPpAsOBBy43%2F6DqVetfH6kptBHsT9oYsQexUVnvBHKd0aCGlVvxIpYyzFAyY3Osu39b%2FI86Nrgnbn%2Fkiv7aWhE6KJvbZH9EMtnUW%2BJ%2BExj7pmt8EttWv6dQR0ieBnT7L9ZnbHSqRLGzi7ckrXZyF7pOvzX%2B55MD8qEqEB9krThjzrvWdf9fnSq9yUQfDMMPBv8a7PcVbndoRllppnH3Lnmxoqu%2BgEwZgIiaWde20afHvJHAyD1Yaq6c7KP7Qbw%3D%3D&e=mclics%2Fpseudo-search-pads-buybox%2B7708%2Cmclics%2Fbuybox-layout%2B25349%2Cmclics%2Fdifferential-cvr-factor%2B29495%2Cmclics%2Fsearch-list-ad-algorithm%2B16026%2Cmclics%2Fshow-pads-search-list%2B5146%2Cmclics%2Fshow-pads-global%2B5176&rb=x;https://http2.mlstatic.com/D_NQ_NP_716379-MLA49719866067_042022-V.jpg
Autitos Duravit X 24 Para Jardin Pista De Autos Juguete ;18.065;https://click1.mercadolibre.com.ar/mclics/clicks/external/MLA/count?a=xAkd5xULf%2BTARBbesEvDKJNJDua1flRxnKZu6Abkr4LrgK10mPhAMfkJr0Niy212kmO3h12M3oVUKZHK6ucUW7nmw%2Feu0qmqmK99t76AYHgMvlyfl2yYLnG42NeoWfB2OZKXzWL0ZHTjs9eC1zZJuLW9pTzpQawa0OuIVVKbNIuTVPGLTBv4BjpYbtpY9B8q6%2F73OiYGp4zZ49TJrU4kZSWsZZwNBfFrbcrMRzuW4K5YROI94S1rPPGckZY%2F%2FjoqJO%2BaofaQvoQVbHvjJuCT5njvbUsZk%2BO4UEgvx48IncvKFXapErJm7Gurf1FkpkBGFmoxCCHTTl91h1TkNBWSgKYmLZhjMVRrwG91EP2UnqTMOHL9FutJwhev0RGdKMCitnYnuwtm7Sx1XJzOGQn31MXYRsIqvK9NFRrASN8UspAKy%2B6oi2Gv7sb8ky8EyLJLehR5XPdWwnhlC8e7HGtTMXjffFe%2Fy9FAr94H%2F4ZfQ5YOcWDNTvkjX%2B4UZ%2BjkNY8mSc4dh7fpKdCAUV5K9R1mEbJpNSYrK3D9u9v0iof06z%2BKmQuU%2B6fodG7SnSbC9vXkYAVGpCJ2d5L1Yla5e3DbZTEzBK8P7KJJkAN1HKEITY5oOwUp6nhAkzUAeLPFNnRq0t1TwqHyvxmXgkfpN4Hr05Fpa1THVf6G4xt7x3n638322Oqj3zoIWvn8e%2B5C%2BPZ4fE8NJFHso50S6ahnUUFXI5M%3D&e=mclics%2Fpseudo-search-pads-buybox%2B7708%2Cmclics%2Fbuybox-layout%2B25349%2Cmclics%2Fdifferential-cvr-factor%2B29495%2Cmclics%2Fsearch-list-ad-algorithm%2B16026%2Cmclics%2Fshow-pads-search-list%2B5146%2Cmclics%2Fshow-pads-global%2B5176&rb=x;https://http2.mlstatic.com/D_NQ_NP_896272-MLA31116387364_062019-V.jpg
Autos De Juguete Carrera Con Lanzador Autitos Pack X3;6.621;https://click1.mercadolibre.com.ar/mclics/clicks/external/MLA/count?a=jykezwk6lpZLRwi6%2Fqq1iUEkysosQboZqLx3W%2FtJf5yhcQVR8bnZfumSJZWCLnpYvsFMvXnqx0cEImhFq1DkU3Paj%2Bs3wUS2VJ1nKMjbviHjrpr0kpQipI1MkSTgu4L6lRH9bEYEYhRBRlg06mVYS2FaT9xfrTyVegpz3LmRMiKBPDYhVYJl%2Bnjq7IozPjH4d4JRJwA2hgn60%2BaSnXov%2F3G12z%2B65%2BS4LcpA5enEWeOodBUoiSLrnkOyVVw1B5XWTinc%2B6D1VATR3Rl%2F8omltVgNkrJqzHabjW%2BCyt%2FiYFD%2F3ZqqWJTvBX2Zv553jM%2FukD%2FO3SHQUO53HyKeGjpqrykVFhHaxznyYTuj5ab68zil4qMUmsxIJHep4FttZJBcIOu9mf0%2F4dRC9Abl%2FEcHfvIiMGHfQCDRMlqvYlOeTQaArAhNi5RslWvByDLFT50xfGkemDs81%2BiKr9eLdG%2FbwyOzug7D34P%2BNvNqeA%2Fs4xhtNlSYqBwIg6Js1Ruytq1D6Wkx7HWtcaTyWP%2FVEmhpzc4zP1j5SW5ECzDVN3xNm6KsQBr5faqvjLPSBSOHKshDuQ81EmXL9whHSpdQl0M4XSpvpOn41JmDb8Y68L70tpLA6lBitb%2BVR1NlkiG0%2FdjiJ70Za67CNN4eVcrahAkxULI6UPt44V%2FDGudJAqZQwGp6xMltDPI61IawPcfeKFIULCaBhDrae%2B4HzIV9asbO%2BA%3D%3D&e=mclics%2Fpseudo-search-pads-buybox%2B7708%2Cmclics%2Fbuybox-layout%2B25349%2Cmclics%2Fdifferential-cvr-factor%2B29495%2Cmclics%2Fsearch-list-ad-algorithm%2B16026%2Cmclics%2Fshow-pads-search-list%2B5146%2Cmclics%2Fshow-pads-global%2B5176&rb=x;https://http2.mlstatic.com/D_NQ_NP_722297-MLA51617905332_092022-V.jpg
Auto A Radio Control Remoto Recargable Autito Juguete Luz Color Verde;52.000;https://www.mercadolibre.com.ar/auto-a-radio-control-remoto-recargable-autito-juguete-luz-color-verde/p/MLA24235951?pdp_filters=category:MLA432871#searchVariation=MLA24235951&position=4&search_layout=stack&type=product&tracking_id=d606cd0b-78f4-4fd1-8092-06f5c974b266;https://http2.mlstatic.com/D_NQ_NP_940821-MLU72628861526_112023-V.jpg
Autito Marlon Clutches Mckay Cars Mattel Disney Baloo Toys;11.990;https://articulo.mercadolibre.com.ar/MLA-1150683726-autito-marlon-clutches-mckay-cars-mattel-disney-baloo-toys-_JM#position=21&search_layout=stack&type=item&tracking_id=d606cd0b-78f4-4fd1-8092-06f5c974b266;https://http2.mlstatic.com/D_NQ_NP_600321-MLA51049035832_082022-V.jpg
Autos Autitos Plásticos X15 Duravit Palermo Vicente Lopez;6.630;https://articulo.mercadolibre.com.ar/MLA-1126330801-autos-autitos-plasticos-x15-duravit-palermo-vicente-lopez-_JM#position=22&search_layout=stack&type=item&tracking_id=d606cd0b-78f4-4fd1-8092-06f5c974b266;https://http2.mlstatic.com/D_NQ_NP_759733-MLA31007718720_062019-V.jpg
Autitos Hot Wheels Pack X5 Unidades Surtidos Autos E. Full ;19.000;https://articulo.mercadolibre.com.ar/MLA-1120650262-autitos-hot-wheels-pack-x5-unidades-surtidos-autos-e-full-_JM#position=23&search_layout=stack&type=item&tracking_id=d606cd0b-78f4-4fd1-8092-06f5c974b266;https://http2.mlstatic.com/D_NQ_NP_879302-MLA70480228146_072023-V.jpg
Autitos En Blister Speed Racing Car Auto Carrera X15;7.400;https://articulo.mercadolibre.com.ar/MLA-1373619109-autitos-en-blister-speed-racing-car-auto-carrera-x15-_JM#position=24&search_layout=stack&type=item&tracking_id=d606cd0b-78f4-4fd1-8092-06f5c974b266;https://http2.mlstatic.com/D_NQ_NP_843219-MLA70259856424_072023-V.jpg
Auto, Autito De Personajes, Envios Rápidos ;3.440;https://click1.mercadolibre.com.ar/mclics/clicks/external/MLA/count?a=OoGco7ulp1DVKRoOt58F5F8LB4boI84nIg8Zw6a8UEMgsOTlsLpPuKgc67oRHpNKxk0LM0mE2h6lYRGCyQ%2FOBOQNrd3sRJBKfPbUICb53coqNHbJuDf9S8ZAr4uKY3I2%2FmS0kdmROa4c1hT%2Fh84R7VECusJsaEhOKZ9ZEKJT%2BJS4GVMMh7Sb7XMdIOCkisFRxVp0mapl6%2BiAr7zEEZzuZ%2Bts0r7j86ROu1fIkDpCiRss9Nkdjecklvj0%2FkkpF7PUYdpzQakwNfWMKvmBwVg%2B3NrZ9TLfU64zO2Vkk5QTJ8vsGTo%2BoHuBaFL6YCcdh%2BNhE8jrhu6bn5XN2PBznzh8FivcVcmawvXrPoSgwjPkmkpjok%2FbAa6ozFnzyMtnKyWqxX40Tp8cB7ka03KyM3%2FN4MiZwHcc2jPky%2By1U9w1IzX%2FDgyfdJcTw6WXmWjlzQDDT0%2FWn0JU2GVXKCcyb9axQiAyNljnbJTUv%2BRwtp%2FAGUdkYkXO2QrFRdWkSsHTNgT7Y9X7DuXsrfWQnfoDcnLFhHj9aKX7DB2s3t6gPiqW6N9p9LJXcbIt3AROC46p3jg%2FY9fSBpqAOEvwvMCUl4PNBAcHolrrspBmEWP93ra1EOdt3c1xIcHpURPHPxgn%2B%2Bf4rBNPFRb270WnWfNod3M7O1cKmgElOVnwa8S5k44lOQbgNi%2FDbLYeAjABOhsELc1IUdhCdQ%3D%3D&e=mclics%2Fpseudo-search-pads-buybox%2B7708%2Cmclics%2Fbuybox-layout%2B25349%2Cmclics%2Fdifferential-cvr-factor%2B29495%2Cmclics%2Fsearch-list-ad-algorithm%2B16026%2Cmclics%2Fshow-pads-search-list%2B5146%2Cmclics%2Fshow-pads-global%2B5176&rb=x;https://http2.mlstatic.com/D_NQ_NP_936159-MLA50683141471_072022-V.jpg
Autitos Autos Juguete Speed Klin Bebece Calzados ;1.199;https://click1.mercadolibre.com.ar/mclics/clicks/external/MLA/count?a=h70R2TwrOxGXdyibmfDHMx3rag16vTpJD72Kb9jvRDzmxKfekTdPkcZXsPmVFGoM%2F8UiT%2Bgv2NZdypclBIT7BKs1vtt1D%2FToPJzMQxTGrAKsci16Sgm8uwVaEaVdCewE2J3VOQjY1n6wlaXK%2BwWSCLZJtXyXrdHl23V3LfPlOCzNLPAb0sPAJpDPnu2aD%2B4doC6CtTEeYAWjoOJ6yoV3zAJJfFSIH3Vqmuc2yWsUzN2iaVZ03rnRE9f7%2Fthlr%2Ftl1xAcjnknj%2BkLrBoBsamsKVf%2FGlZUbNJAr%2Fl2RDwjQ6DB7stkJ5ut%2FFp8lVORRDem5xmNiyWxiuL%2BkACBL%2BrdvLR07CpLhjZanx7q828%2FCE2dpsAhFPlI1dpLVCdYejJHvH%2BFxCYHcOV51hwAGlIWr3VXZs4TZorB0Ev1KA4BYTCQRFbMWn8zR2hDCpsVJ1%2BmGxEzyuLeRbCI7MWS8uKYAE%2BDCmwDg%2FVeFxu%2F8r%2B0upes6yGH70LeoILr80ey0Gp%2FCMMDbvKqlY0tR9BVVvMXHTk9fxprm%2FodUT%2B1KE998g0ghnhn3mQQnHbegL2cQJqCmokQc55W42XBmSomnydWJDl7IvIGg4NF8EG9%2Bs7gKE74fEFGs%2F1BwUnmaJ6%2B5itHQvGZUqiFyBE%2FMSjw156AspYys8SPorPgt%2B1jPqPAr0o0PxvPGM2%2BuVNS9Oqf26u0pOqN6TKyafG%2FDT1sI20%3D&e=mclics%2Fpseudo-search-pads-buybox%2B7708%2Cmclics%2Fbuybox-layout%2B25349%2Cmclics%2Fdifferential-cvr-factor%2B29495%2Cmclics%2Fsearch-list-ad-algorithm%2B16026%2Cmclics%2Fshow-pads-search-list%2B5146%2Cmclics%2Fshow-pads-global%2B5176&rb=x;https://http2.mlstatic.com/D_NQ_NP_689420-MLA51278363046_082022-V.jpg
Camión Mosquito 29 Cm +2 Colectivos + 2 Autitos.;6.290;https://articulo.mercadolibre.com.ar/MLA-1115107172-camion-mosquito-29-cm-2-colectivos-2-autitos-_JM#position=25&search_layout=stack&type=item&tracking_id=d606cd0b-78f4-4fd1-8092-06f5c974b266;https://http2.mlstatic.com/D_NQ_NP_626107-MLA72075620177_102023-V.jpg
Lote Autitos Autos Plastico Micro X24 Duravit  Art 711 Byp;14.990;https://articulo.mercadolibre.com.ar/MLA-629220151-lote-autitos-autos-plastico-micro-x24-duravit-art-711-byp-_JM#position=26&search_layout=stack&type=item&tracking_id=d606cd0b-78f4-4fd1-8092-06f5c974b266;https://http2.mlstatic.com/D_NQ_NP_794471-MLA43965920021_112020-V.jpg
Valija Guarda Vehiculos Edicion Bomberos Full;13.800;https://www.mercadolibre.com.ar/valija-guarda-vehiculos-edicion-bomberos-full/p/MLA27449455?pdp_filters=category:MLA432871#searchVariation=MLA27449455&position=5&search_layout=stack&type=product&tracking_id=d606cd0b-78f4-4fd1-8092-06f5c974b266;https://http2.mlstatic.com/D_NQ_NP_643246-MLU72628274988_112023-V.jpg
Monster Jam Auto Escala 1:70 - Autitos De Juguete;5.990;https://articulo.mercadolibre.com.ar/MLA-580010255-monster-jam-auto-escala-170-autitos-de-juguete-_JM#position=27&search_layout=stack&type=item&tracking_id=d606cd0b-78f4-4fd1-8092-06f5c974b266;https://http2.mlstatic.com/D_NQ_NP_640884-MLA48700119673_122021-V.jpg
Autito Zuru Metal Machines Color Change Tapimovil ;6.169;https://articulo.mercadolibre.com.ar/MLA-1395593851-autito-zuru-metal-machines-color-change-tapimovil-_JM#position=28&search_layout=stack&type=item&tracking_id=d606cd0b-78f4-4fd1-8092-06f5c974b266;https://http2.mlstatic.com/D_NQ_NP_704246-MLA72858632137_112023-V.jpg
Autitos Hot Wheels 1 Unidad Auto Surtido Original Mattel;3.799;https://articulo.mercadolibre.com.ar/MLA-1111933405-autitos-hot-wheels-1-unidad-auto-surtido-original-mattel-_JM#position=29&search_layout=stack&type=item&tracking_id=d606cd0b-78f4-4fd1-8092-06f5c974b266;https://http2.mlstatic.com/D_NQ_NP_980268-MLA70324541910_072023-V.jpg
Auto A Radio Control Remoto Recargable Autito Juguete Luz Color Rojo;52.000;https://www.mercadolibre.com.ar/auto-a-radio-control-remoto-recargable-autito-juguete-luz-color-rojo/p/MLA24235954?pdp_filters=category:MLA432871#searchVariation=MLA24235954&position=6&search_layout=stack&type=product&tracking_id=d606cd0b-78f4-4fd1-8092-06f5c974b266;https://http2.mlstatic.com/D_NQ_NP_853972-MLU72857145462_112023-V.jpg
Autito Auto Hot Wheels Coleccion Hw Haulers Original Mattel;6.490;https://articulo.mercadolibre.com.ar/MLA-1524440360-autito-auto-hot-wheels-coleccion-hw-haulers-original-mattel-_JM#position=30&search_layout=stack&type=item&tracking_id=d606cd0b-78f4-4fd1-8092-06f5c974b266;https://http2.mlstatic.com/D_NQ_NP_624048-MLA72441115964_102023-V.jpg
Vehiculos Autitos Animales Soft Goma Rueda Libre X4 Arrastre Personaje Autos;12.183;https://www.mercadolibre.com.ar/vehiculos-autitos-animales-soft-goma-rueda-libre-x4-arrastre-personaje-autos/p/MLA26323298?pdp_filters=category:MLA432871#searchVariation=MLA26323298&position=7&search_layout=stack&type=product&tracking_id=d606cd0b-78f4-4fd1-8092-06f5c974b266;https://http2.mlstatic.com/D_NQ_NP_863186-MLU71251642495_082023-V.jpg
Autitos Hot Wheels Pack X4 Vehiculos Surtidos Autos Mattel;15.200;https://articulo.mercadolibre.com.ar/MLA-1150710281-autitos-hot-wheels-pack-x4-vehiculos-surtidos-autos-mattel-_JM#position=31&search_layout=stack&type=item&tracking_id=d606cd0b-78f4-4fd1-8092-06f5c974b266;https://http2.mlstatic.com/D_NQ_NP_943642-MLA50451072854_062022-V.jpg
Autitos Hot Wheels X1 Unidad Auto Surtido Original Mattel;4.400;https://articulo.mercadolibre.com.ar/MLA-1344893153-autitos-hot-wheels-x1-unidad-auto-surtido-original-mattel-_JM#position=32&search_layout=stack&type=item&tracking_id=d606cd0b-78f4-4fd1-8092-06f5c974b266;https://http2.mlstatic.com/D_NQ_NP_703093-MLA53780626787_022023-V.jpg
Cars Autitos Coleccionables Set X4 Disney Pull Back Ditoys ;7.800;https://www.mercadolibre.com.ar/cars-autitos-coleccionables-set-x4-disney-pull-back-ditoys/p/MLA23544239?pdp_filters=category:MLA432871#searchVariation=MLA23544239&position=8&search_layout=stack&type=product&tracking_id=d606cd0b-78f4-4fd1-8092-06f5c974b266;https://http2.mlstatic.com/D_NQ_NP_726398-MLU69685838578_052023-V.jpg
Welly 1:34 Citroen 2cv (soft Top) Crema 43625h-cw;9.500;https://www.mercadolibre.com.ar/welly-134-citroen-2cv-soft-top-crema-43625h-cw/p/MLA21741268?pdp_filters=category:MLA432871#searchVariation=MLA21741268&position=11&search_layout=stack&type=product&tracking_id=d606cd0b-78f4-4fd1-8092-06f5c974b266;https://http2.mlstatic.com/D_NQ_NP_618329-MLU72605888563_102023-V.jpg
Pista De Autos Juguete Rompecabezas Autitos Para Armar Mdf;4.900;https://articulo.mercadolibre.com.ar/MLA-1153275467-pista-de-autos-juguete-rompecabezas-autitos-para-armar-mdf-_JM#position=33&search_layout=stack&type=item&tracking_id=d606cd0b-78f4-4fd1-8092-06f5c974b266;https://http2.mlstatic.com/D_NQ_NP_698060-MLA51144328408_082022-V.jpg
Monster Jam Mini Vehículo 1:70 Spin Master;7.500;https://www.mercadolibre.com.ar/monster-jam-mini-vehiculo-170-spin-master/p/MLA23551150?pdp_filters=category:MLA432871#searchVariation=MLA23551150&position=12&search_layout=stack&type=product&tracking_id=d606cd0b-78f4-4fd1-8092-06f5c974b266;https://http2.mlstatic.com/D_NQ_NP_975132-MLU69707908867_052023-V.jpg
Autito Cars Plastisol New Toys;5.500;https://articulo.mercadolibre.com.ar/MLA-1362642147-autito-cars-plastisol-new-toys-_JM#position=34&search_layout=stack&type=item&tracking_id=d606cd0b-78f4-4fd1-8092-06f5c974b266;https://http2.mlstatic.com/D_NQ_NP_922140-MLA54385424769_032023-V.jpg
Autitos Hot Wheels Pack X8 Vehiculos Surtidos Autos Mattel;30.400;https://articulo.mercadolibre.com.ar/MLA-1152531648-autitos-hot-wheels-pack-x8-vehiculos-surtidos-autos-mattel-_JM#position=35&search_layout=stack&type=item&tracking_id=d606cd0b-78f4-4fd1-8092-06f5c974b266;https://http2.mlstatic.com/D_NQ_NP_943642-MLA50451072854_062022-V.jpg
Hot Wheels 3 Autitos Coleccionables Surtido Originales K5904;12.090;https://articulo.mercadolibre.com.ar/MLA-1372679761-hot-wheels-3-autitos-coleccionables-surtido-originales-k5904-_JM#position=36&search_layout=stack&type=item&tracking_id=d606cd0b-78f4-4fd1-8092-06f5c974b266;https://http2.mlstatic.com/D_NQ_NP_924710-MLA69874697223_062023-V.jpg
Camion Transporta Dinosaurios Dino Car Jurassic Truck Ditoys;11.320;https://www.mercadolibre.com.ar/camion-transporta-dinosaurios-dino-car-jurassic-truck-ditoys/p/MLA22593496?pdp_filters=category:MLA432871#searchVariation=MLA22593496&position=13&search_layout=stack&type=product&tracking_id=d606cd0b-78f4-4fd1-8092-06f5c974b266;https://http2.mlstatic.com/D_NQ_NP_755391-MLU72574763396_112023-V.jpg
Autito Peppa Pig De Goma Irrompible;7.990;https://articulo.mercadolibre.com.ar/MLA-762246235-autito-peppa-pig-de-goma-irrompible-_JM#position=37&search_layout=stack&type=item&tracking_id=d606cd0b-78f4-4fd1-8092-06f5c974b266;https://http2.mlstatic.com/D_NQ_NP_947669-MLA54980070681_052023-V.jpg
Valija Guarda Vehiculos Edicion Policias Full;13.800;https://www.mercadolibre.com.ar/valija-guarda-vehiculos-edicion-policias-full/p/MLA27703504?pdp_filters=category:MLA432871#searchVariation=MLA27703504&position=14&search_layout=stack&type=product&tracking_id=d606cd0b-78f4-4fd1-8092-06f5c974b266;https://http2.mlstatic.com/D_NQ_NP_771282-MLU72847819367_112023-V.jpg
Autitos Hot Wheels X5 Unidades Auto Surtido Original Mattel;22.400;https://articulo.mercadolibre.com.ar/MLA-1344776838-autitos-hot-wheels-x5-unidades-auto-surtido-original-mattel-_JM#position=38&search_layout=stack&type=item&tracking_id=d606cd0b-78f4-4fd1-8092-06f5c974b266;https://http2.mlstatic.com/D_NQ_NP_815755-MLA53780626871_022023-V.jpg
Set De 5 Autitos De Coleccion Diecast Express Wheels 5cm;10.690;https://articulo.mercadolibre.com.ar/MLA-1389138859-set-de-5-autitos-de-coleccion-diecast-express-wheels-5cm-_JM#position=39&search_layout=stack&type=item&tracking_id=d606cd0b-78f4-4fd1-8092-06f5c974b266;https://http2.mlstatic.com/D_NQ_NP_761984-MLA71835791971_092023-V.jpg
Hot Wheels Pack X10 Originales  Autitos Hotwheels Surtidos;49.900;https://articulo.mercadolibre.com.ar/MLA-610808721-hot-wheels-pack-x10-originales-autitos-hotwheels-surtidos-_JM#position=40&search_layout=stack&type=item&tracking_id=d606cd0b-78f4-4fd1-8092-06f5c974b266;https://http2.mlstatic.com/D_NQ_NP_917251-MLA47029644790_082021-V.jpg
Juguete Estacion De Servicio 3 Pisos Luz Sonido 3 Autitos Color Es11 - Policia - Azul;30.250;https://www.mercadolibre.com.ar/juguete-estacion-de-servicio-3-pisos-luz-sonido-3-autitos-color-es11-policia-azul/p/MLA25566873?pdp_filters=category:MLA432871#searchVariation=MLA25566873&position=15&search_layout=stack&type=product&tracking_id=d606cd0b-78f4-4fd1-8092-06f5c974b266;https://http2.mlstatic.com/D_NQ_NP_890052-MLU70812769729_082023-V.jpg
Sling Car Autito Coleccion A Friccion Gira 360 Ditoys Byp;3.500;https://articulo.mercadolibre.com.ar/MLA-1377477338-sling-car-autito-coleccion-a-friccion-gira-360-ditoys-byp-_JM#position=41&search_layout=stack&type=item&tracking_id=d606cd0b-78f4-4fd1-8092-06f5c974b266;https://http2.mlstatic.com/D_NQ_NP_946059-MLA54516900048_032023-V.jpg
Autos De Avengers Autitos Para Souvenir Piñata Juguete X 10;5.860;https://articulo.mercadolibre.com.ar/MLA-1157026510-autos-de-avengers-autitos-para-souvenir-pinata-juguete-x-10-_JM#position=42&search_layout=stack&type=item&tracking_id=d606cd0b-78f4-4fd1-8092-06f5c974b266;https://http2.mlstatic.com/D_NQ_NP_983129-MLA51253671295_082022-V.jpg
Autos Estrellarlos Explota En Impacto! 1300 4wd E. Full;4.513;https://www.mercadolibre.com.ar/autos-estrellarlos-explota-en-impacto-1300-4wd-e-full/p/MLA22508585?pdp_filters=category:MLA432871#searchVariation=MLA22508585&position=16&search_layout=stack&type=product&tracking_id=d606cd0b-78f4-4fd1-8092-06f5c974b266;https://http2.mlstatic.com/D_NQ_NP_744707-MLA41812672108_052020-V.jpg
Autito Auto Hot Wheels Coleccion Hw The '80s Original Mattel;6.490;https://articulo.mercadolibre.com.ar/MLA-1524427066-autito-auto-hot-wheels-coleccion-hw-the-80s-original-mattel-_JM#position=43&search_layout=stack&type=item&tracking_id=d606cd0b-78f4-4fd1-8092-06f5c974b266;https://http2.mlstatic.com/D_NQ_NP_734901-MLA72442400936_102023-V.jpg
Cars Set 8 Autitos Con Rayo Mcqueen Y Mate Pull Back Ditoys;12.889;https://articulo.mercadolibre.com.ar/MLA-691529106-cars-set-8-autitos-con-rayo-mcqueen-y-mate-pull-back-ditoys-_JM#position=44&search_layout=stack&type=item&tracking_id=d606cd0b-78f4-4fd1-8092-06f5c974b266;https://http2.mlstatic.com/D_NQ_NP_702337-MLA31383980888_072019-V.jpg
Auto, Autito Matchbox Tesla Modelo, Y Otros;6.462;https://articulo.mercadolibre.com.ar/MLA-1374708497-auto-autito-matchbox-tesla-modelo-y-otros-_JM#position=45&search_layout=stack&type=item&tracking_id=d606cd0b-78f4-4fd1-8092-06f5c974b266;https://http2.mlstatic.com/D_NQ_NP_603814-MLA70156621125_062023-V.jpg
Pista De Autos Tipo Scalextric Track Racing Formila 1 Ck Color Multicolor;39.099;https://www.mercadolibre.com.ar/pista-de-autos-tipo-scalextric-track-racing-formila-1-ck-color-multicolor/p/MLA26331991?pdp_filters=category:MLA432871#searchVariation=MLA26331991&position=17&search_layout=stack&type=product&tracking_id=d606cd0b-78f4-4fd1-8092-06f5c974b266;https://http2.mlstatic.com/D_NQ_NP_957247-MLU71212992402_082023-V.jpg
Autitos Hot Wheels Pack X13 Vehiculos Surtidos Autos Mattel;49.400;https://articulo.mercadolibre.com.ar/MLA-1262639810-autitos-hot-wheels-pack-x13-vehiculos-surtidos-autos-mattel-_JM#position=46&search_layout=stack&type=item&tracking_id=d606cd0b-78f4-4fd1-8092-06f5c974b266;https://http2.mlstatic.com/D_NQ_NP_943642-MLA50451072854_062022-V.jpg
Cars Set 8 Autitos Rayo Mc Queen Mate Pull Back 1939 Ditoys;16.544;https://articulo.mercadolibre.com.ar/MLA-908881031-cars-set-8-autitos-rayo-mc-queen-mate-pull-back-1939-ditoys-_JM#position=47&search_layout=stack&type=item&tracking_id=d606cd0b-78f4-4fd1-8092-06f5c974b266;https://http2.mlstatic.com/D_NQ_NP_648837-MLA44934789776_022021-V.jpg
Autitos X 5 Unidades 6.5 Cm Escala 1:64 Super Cla Fd1305;3.399;https://articulo.mercadolibre.com.ar/MLA-1120283208-autitos-x-5-unidades-65-cm-escala-164-super-cla-fd1305-_JM#position=48&search_layout=stack&type=item&tracking_id=d606cd0b-78f4-4fd1-8092-06f5c974b266;https://http2.mlstatic.com/D_NQ_NP_721663-MLA48895272653_012022-V.jpg
Camión Valija Juguete C/rampa 6 Autitos De Colección Metal;26.618;https://articulo.mercadolibre.com.ar/MLA-900034841-camion-valija-juguete-crampa-6-autitos-de-coleccion-metal-_JM#position=49&search_layout=stack&type=item&tracking_id=d606cd0b-78f4-4fd1-8092-06f5c974b266;https://http2.mlstatic.com/D_NQ_NP_838542-MLA70193323385_062023-V.jpg
Auto Coleccion Metal Volkswagen Scirocco Escala 1:36 Welly;7.539;https://www.mercadolibre.com.ar/auto-coleccion-metal-volkswagen-scirocco-escala-136-welly/p/MLA24570814?pdp_filters=category:MLA432871#searchVariation=MLA24570814&position=18&search_layout=stack&type=product&tracking_id=d606cd0b-78f4-4fd1-8092-06f5c974b266;https://http2.mlstatic.com/D_NQ_NP_770498-MLU70502474572_072023-V.jpg
Excelentes Autitos Mario Kart A Friccion A Elección. Oferta.;18.999;https://articulo.mercadolibre.com.ar/MLA-1123299833-excelentes-autitos-mario-kart-a-friccion-a-eleccion-oferta-_JM#position=50&search_layout=stack&type=item&tracking_id=d606cd0b-78f4-4fd1-8092-06f5c974b266;https://http2.mlstatic.com/D_NQ_NP_894801-MLA71349077375_082023-V.jpg
Maisto Auto Autito 1979 Chevrolet K5 Blazer Escala 1:64 Orig;5.307;https://articulo.mercadolibre.com.ar/MLA-1148745119-maisto-auto-autito-1979-chevrolet-k5-blazer-escala-164-orig-_JM#position=51&search_layout=stack&type=item&tracking_id=d606cd0b-78f4-4fd1-8092-06f5c974b266;https://http2.mlstatic.com/D_NQ_NP_636829-MLA50912724723_072022-V.jpg
Welly 1:34 Lamborghini Murcielago Amarillo 42317cw;13.090;https://www.mercadolibre.com.ar/welly-134-lamborghini-murcielago-amarillo-42317cw/p/MLA21756900?pdp_filters=category:MLA432871#searchVariation=MLA21756900&position=19&search_layout=stack&type=product&tracking_id=d606cd0b-78f4-4fd1-8092-06f5c974b266;https://http2.mlstatic.com/D_NQ_NP_851005-MLA43908364912_102020-V.jpg
Autitos Set De Coleccion Deportivo Pack X 10;2.660;https://articulo.mercadolibre.com.ar/MLA-1381939435-autitos-set-de-coleccion-deportivo-pack-x-10-_JM#position=52&search_layout=stack&type=item&tracking_id=d606cd0b-78f4-4fd1-8092-06f5c974b266;https://http2.mlstatic.com/D_NQ_NP_936483-MLA73112534020_122023-V.jpg
Blister De 10 Autitos Metalico Unidades 6.5 Cm Cada Uno Auto;5.339;https://articulo.mercadolibre.com.ar/MLA-864674111-blister-de-10-autitos-metalico-unidades-65-cm-cada-uno-auto-_JM#position=53&search_layout=stack&type=item&tracking_id=d606cd0b-78f4-4fd1-8092-06f5c974b266;https://http2.mlstatic.com/D_NQ_NP_976046-MLA48699399361_122021-V.jpg
Maxi Garage Rondi 4 Rampas Con Autos Color Multicolor;25.950;https://www.mercadolibre.com.ar/maxi-garage-rondi-4-rampas-con-autos-color-multicolor/p/MLA25675264?pdp_filters=category:MLA432871#searchVariation=MLA25675264&position=20&search_layout=stack&type=product&tracking_id=d606cd0b-78f4-4fd1-8092-06f5c974b266;https://http2.mlstatic.com/D_NQ_NP_765914-MLU73129803836_122023-V.jpg
Hot Wheels 1 Autito Coleccionable Surtido Original C4982    ;4.540;https://articulo.mercadolibre.com.ar/MLA-1430501870-hot-wheels-1-autito-coleccionable-surtido-original-c4982-_JM#position=54&search_layout=stack&type=item&tracking_id=d606cd0b-78f4-4fd1-8092-06f5c974b266;https://http2.mlstatic.com/D_NQ_NP_721768-MLA69857356460_062023-V.jpg
Monster Truck 4x4 Autito Metal De Coleccion No Hot Wheels;2.699;https://articulo.mercadolibre.com.ar/MLA-1149391808-monster-truck-4x4-autito-metal-de-coleccion-no-hot-wheels-_JM#position=55&search_layout=stack&type=item&tracking_id=d606cd0b-78f4-4fd1-8092-06f5c974b266;https://http2.mlstatic.com/D_NQ_NP_984049-MLA50971943558_082022-V.jpg
Exhibidor Para 60 Autos Escala 1/43. Repisa Autos Colección;39.000;https://click1.mercadolibre.com.ar/mclics/clicks/external/MLA/count?a=I4pCpC2uvMyTvCkUzSH66KAPmhfVHOFLOShvupWIvfWd7my8ObEtHzP1T8fl6MbPhjx36d8SnOypmyXHeFVZsooYPPMfg7r0N47XVsCbsCvPl1a75G1e%2FTxZ3CQ1SBfXAQeEkv%2B59vga8XyPxL9rMOFe%2B%2BshtHW8IfH5VWUG%2BvJxtg0HvLkLv%2FmYbbcifrFfRXiWYsS%2BHWloWvHasytg3BAQEFgDr%2FWYnC7ZF3QCxaxQ1pskNlr5shr9jg97tjZUKAuzIkhAqy4F6KsPQFVpyeHgJn7LpYz6RUZaPro1jDCoor61EcFMpag%2FDC%2B49%2FtcMcjDp1q7flLE8KMDHZ8m%2FdYR%2FWPcqJzS4DYWvL3kDWCLRaWz7a0WvioR1%2FQFMS7sGLl2H9FlIDmAVHRfLhdLZ5mpRbHkGSGjLvGjUf6I%2FZOZSHGiQQZLIpV9qP%2B5ZHxcwfoEBS7kySXTEL4ZsLOagOoVTGyqlo6Equ31arTACkObHYJzuBtS0Wsnfq12tFIvJnnijkI%2FKv4y9wlwDue9O8nXiYAOLH5b27r4kf1iLc5aRFsfLrF%2Fa04ZtbDpTXpOcJyWqFo9NwMAqRnet3ZMpT7h%2B7L%2BzV5NNdeJXB%2Bg30cUPWxJEtm0vyzTltQTZIWb8iT52aDDdduYWc%2BgKvzeJnVjqik%2B9m1EwtVxW8M6moiyZw8nlosv5c3R8xyA6xHbRNo1SMOoVd2bGew7163HYlQO&e=mclics%2Fpseudo-search-pads-buybox%2B7708%2Cmclics%2Fbuybox-layout%2B25349%2Cmclics%2Fdifferential-cvr-factor%2B29495%2Cmclics%2Fsearch-list-ad-algorithm%2B16026%2Cmclics%2Fshow-pads-search-list%2B5146%2Cmclics%2Fshow-pads-global%2B5176&rb=x;https://http2.mlstatic.com/D_NQ_NP_799355-MLA70519956025_072023-V.jpg
Super Combo Ciudad Autitos Camion Ambulancia Auto Juguete;41.764;https://click1.mercadolibre.com.ar/mclics/clicks/external/MLA/count?a=TdxelG%2B55%2FI%2FITIoYerxMc9weqE8RIi4wDFB0EGSM6Au30KfJ0kgR7AEpdnWgPXL4HtPn0MrE2meyyFvSko%2F%2FaSGx5uWCq3nRb6yBZnnP5MOnqcTW4RJGLJp9hWJSuhyZnunbkiY7V4EG%2BZBondFx8Iz7hr8hCiO8kh2oZdij7Eh1ZNvh6Aw%2FLe41LEwNyfDqlBagjsuPkJssv6rJ6h7dQEfDkpCrKbskb7WZlauA3AvAFBPyI86tdOoPVCiuOS6j0YUpr%2BAtwj6NV23r7Gmwq2O1y0EKtiB%2FWdryQRGTsWGUGM79z0UkvcuxQl5kK7k4LsRs%2F7NFOffiySP672vSfoOrWgbggppN7rDeSVr41S3a0AmcB1kIgTeuV8vQuYrISdJ8OjhK1kfqkFoa%2F7J4LIWQo74ZHsBPIN7mlv8VH4Xhboufc3S1Y%2FyWo9BKpEMfHq88tzb6axnqJbKhajLf%2FFQqiI%2BmndRdnqCHdFByk1xh6Cggdk91i0ofNdrVVNa4b7u9kHPMn%2FjQAiBbR7sn1cqqXQwoi3exXOZ2do3GAV1Q%2BgGPY5%2Bd2ttnXC9OV1fQbHPYXjFGrr5hWC3vVXjdu%2Bo5htqBFtgZfk5OdoBh%2B6f5W47TWKRfPElNb8KIgZ9hM5tyhqWUvHdig9lvPL2HmD1rwV12VMPO0LSznw2npLYicz6lYGhKeLaYjufXtZMrcjPGeHoc7Nxy1eaqscjvz8SYYdMzQ%3D%3D&e=mclics%2Fpseudo-search-pads-buybox%2B7708%2Cmclics%2Fbuybox-layout%2B25349%2Cmclics%2Fdifferential-cvr-factor%2B29495%2Cmclics%2Fsearch-list-ad-algorithm%2B16026%2Cmclics%2Fshow-pads-search-list%2B5146%2Cmclics%2Fshow-pads-global%2B5176&rb=x;https://http2.mlstatic.com/D_NQ_NP_983732-MLA49719760244_042022-V.jpg
Super Combo Ciudad Autitos Camion Ambulancia Auto Juguete X9;29.013;https://click1.mercadolibre.com.ar/mclics/clicks/external/MLA/count?a=uvmY9pF5RGz8%2B6H9wbmOD0gtSDBTy7VoKNON24dSMYtB050i3ZkSjraE8tmuTB5YysNNN1pX6lKmm5qE0nnrxOGH8rF%2FhHVdUJ%2FnaJMzojxMDm6%2BR1yxtT606ImmF6nOhX5gTw5kjryzuuAz066SJD4an4sy91KZMaWW5Wgl%2BELxQG1xPHFc69HgeOvXuQmoGgRz2rWd4fGQ8E189%2F%2B8x04EhcXCX%2BxEthaUx%2FW%2BrxAAXP5zUSAzpdF1naF0WTuHJC0Jc345kLcWI8C5XTGefyz2q%2BdYGXK7TAUZZs1gL9xrsZwk5FUNJRcdlcgMFakxjHAqs1MrIlBziPBI3m8PS1UjOxPLtHdEOoRSiqiBWXkzYE5jWM8nFOLedV2wO79J3RK5x3vqfWtuC1zxCzd3PXtkG6cLUGCV6OMULciWtx8udHcmDcLeyFJcpLlU4w2jkfFpMdyNRsWwQcS33u%2FM7oaWcBFHNuuP11dSl3Gj6a41w%2BD7lfdKWyAQDkpz%2Fr3BdNQMnQSXNfvfucnzr0v0S0hYHStoUMbFDc2eWRnHIrPTmrXKuem%2FeslPrKrlcsHu7r0sha28tXk2gYRvXrYLjwadT%2BktjHek%2BAjQtAlpH9hhsT9UYd4APUUjqUmywCJQtLKVoOS0dmrZlt9qgqOhGR3J2Vl02LTvZHkMMteJUXTXlHX2RnTpnaJg%2Bm4Km9YbxLWagApW%2BI6zQlBWvzpCrEgXlmVa%2BlqN&e=mclics%2Fpseudo-search-pads-buybox%2B7708%2Cmclics%2Fbuybox-layout%2B25349%2Cmclics%2Fdifferential-cvr-factor%2B29495%2Cmclics%2Fsearch-list-ad-algorithm%2B16026%2Cmclics%2Fshow-pads-search-list%2B5146%2Cmclics%2Fshow-pads-global%2B5176&rb=x;https://http2.mlstatic.com/D_NQ_NP_716379-MLA49719866067_042022-V.jpg
Autito Tc De Tío Marcelo, Varios Modelos.;7.000;https://articulo.mercadolibre.com.ar/MLA-1221554475-autito-tc-de-tio-marcelo-varios-modelos-_JM#position=12&search_layout=stack&type=item&tracking_id=55a1f7b9-f1b2-434d-9f9d-810e195a973d;https://http2.mlstatic.com/D_NQ_NP_719587-MLA52240283671_112022-V.jpg
Lanzador Dueling Dragon Monster Jam Vehiculo Lanzador;44.700;https://www.mercadolibre.com.ar/lanzador-dueling-dragon-monster-jam-vehiculo-lanzador/p/MLA23379150?pdp_filters=category:MLA432871#searchVariation=MLA23379150&position=4&search_layout=stack&type=product&tracking_id=55a1f7b9-f1b2-434d-9f9d-810e195a973d;https://http2.mlstatic.com/D_NQ_NP_915166-MLU69515359831_052023-V.jpg
Autitos De Coleccion Escala 1:64 Metal Series Combo De Autos;15.990;https://articulo.mercadolibre.com.ar/MLA-1110389693-autitos-de-coleccion-escala-164-metal-series-combo-de-autos-_JM#position=13&search_layout=stack&type=item&tracking_id=55a1f7b9-f1b2-434d-9f9d-810e195a973d;https://http2.mlstatic.com/D_NQ_NP_796671-MLA48067535327_102021-V.jpg
Auto Escala Maisto Fresh Metal Juguete Original Autito Is;2.527;https://articulo.mercadolibre.com.ar/MLA-1223904338-auto-escala-maisto-fresh-metal-juguete-original-autito-is-_JM#position=14&search_layout=stack&type=item&tracking_id=55a1f7b9-f1b2-434d-9f9d-810e195a973d;https://http2.mlstatic.com/D_NQ_NP_630650-MLA52487132117_112022-V.jpg
Maisto Auto Autito Surtidos Con Licencia Escala 1:64 Orig;4.717;https://articulo.mercadolibre.com.ar/MLA-900013785-maisto-auto-autito-surtidos-con-licencia-escala-164-orig-_JM#position=15&search_layout=stack&type=item&tracking_id=55a1f7b9-f1b2-434d-9f9d-810e195a973d;https://http2.mlstatic.com/D_NQ_NP_891245-MLA47546145649_092021-V.jpg
Autos Autitos De Policía X8 En Blister;5.718;https://click1.mercadolibre.com.ar/mclics/clicks/external/MLA/count?a=ykTdCLTSTv5%2FYy4FS33SwDomCeVqeG1zL%2FxMIKU%2Fxye1PoBA52gMnVjSTIb6GT9qQlgkn%2F9r2tdbCZOA5U0WLICLJn0AIPLZFjGJLP8A88ZUyFqj3UgCZcpI0H0EcWxI2jGPxyZ6ew4F8zZ6VCw4uFjO7TB56Ai9ZKr0YFnIwtOcvKJnsYDBX8QOzfns8UdD1ycyfLrlYq9yna0YsL4IYgtKb%2B9uGTDXzMU1WGqhAJQzOByb9SdUB7%2B4V3EjiXFfohQ0wTlr8wuvUrNhlxbgCP4ZLAOb%2Bmd5nzGJ9q0ERttJgEpjVb2oqXi0qUnad%2Bgp9%2BM9H%2BmoiACwjeEXLMrrrIFnS5lT4M%2BFhuQJKFqRFVIwfC09mFl4l3xdFpmwwN7heg29U4i8GqboVXUy0Nt2xMm4HDR6KQx5qcVr2IeVMUHhDqBAYgsZLPIVsCfRiHKAbGIEjkU3vMYKON2SHfaUr7vFAXVOsm0pXtBCAyDIFuMSTJz6FYHyZ%2BRcCtJn58YvAeyvDLtsqOrcV0iJdD%2FFz15C0cuLX%2BqUX3kgx39HdCYGCUB35TG%2BXGZ0XEv%2FScxj%2Fr0BHthKGb8iTC4AENZqbyxlibysocDfC3x%2BVg55QuJXuqJa2qtYSQIqP0sR8LMh1WK7spLB7bh%2BwhpNTg9C%2B2CacjDV60fe9BjkvhYEOT7ZHBpboN8WMjvFK2eRkDrczQ%3D%3D&e=mclics%2Fpseudo-search-pads-buybox%2B7708%2Cmclics%2Fbuybox-layout%2B25349%2Cmclics%2Fdifferential-cvr-factor%2B29495%2Cmclics%2Fsearch-list-ad-algorithm%2B16026%2Cmclics%2Fshow-pads-search-list%2B5146%2Cmclics%2Fshow-pads-global%2B5176&rb=x;https://http2.mlstatic.com/D_NQ_NP_819136-MLA71190611723_082023-V.jpg
Autitos Duravit X 24 Para Jardin Pista De Autos Juguete ;18.065;https://click1.mercadolibre.com.ar/mclics/clicks/external/MLA/count?a=VCWQBqLVfflV911CR8Sp%2FW4fPaLPqTMzH2batCv9vSRTiy4SKlYEfYF7U5nsxnwu0y%2FswBzoa1xS93Fk9wKR4qbCM%2FzDpnSdpv%2BBmhyOP0ffHGvoehISlMfA8g7VbQyR33OO5FTz7AanVggttqAe1M5texFfG1eUq1vDzJ6OA7UZWgVtU6FlbjkSe%2F1x10xxhM%2FaEG8Uvq%2FPAHKTJSIQC%2FCiGMwVVFgdjyhrEB%2B8eXsEHuz5CTR%2BuuB6C7qCp5pGd8OW1%2BMhpcuV7l5tXhyyBgsq7h9xbsWsvbGHo%2BLEdqB%2BT3Q6Wrd6vZWw7ZvMvpQOev3qoks70jXI6FXOPICWRckRHEl%2BT3le9my5Voe6FaycXzTI5S1SSGuxgIBFc5Xjiwb702s%2BRWkCWijJK67RbUbmhlIgp0BHnfkgd0itTFH7ThB%2B1ql6UXN79Tfv3VUd5PrY3j9eog3STv1WjyjUoxuLRMhB4OeyWZBj0fiyK91JlGbosKTcwgYqfSR4GZ8kwDZ6717IG5z7dSnhOoXfW3ZMD6UJG5sVU1g56tYQtxV0H6PyPqF4PzVDqEyFgpkEh2k%2BatV8poLxa%2BNzrJFmKnV%2BKkurR4f2qUfdwHV7d26kV7R4iY9afg5B33nSXkRKl8yVG0vp1WCPxLvG0W1xzQpuZAomglS1q5qjB9MYbrFXZ6LqHddWUYZkfLNa%2FRsUH%2FCTFIbK1JCZeKXsr6rgz9z9UQ%3D%3D&e=mclics%2Fpseudo-search-pads-buybox%2B7708%2Cmclics%2Fbuybox-layout%2B25349%2Cmclics%2Fdifferential-cvr-factor%2B29495%2Cmclics%2Fsearch-list-ad-algorithm%2B16026%2Cmclics%2Fshow-pads-search-list%2B5146%2Cmclics%2Fshow-pads-global%2B5176&rb=x;https://http2.mlstatic.com/D_NQ_NP_896272-MLA31116387364_062019-V.jpg
Ford Falcon 1/43  Autito Colección ;18.900;https://articulo.mercadolibre.com.ar/MLA-1456473372-ford-falcon-143-autito-coleccion-_JM#position=16&search_layout=stack&type=item&tracking_id=55a1f7b9-f1b2-434d-9f9d-810e195a973d;https://http2.mlstatic.com/D_NQ_NP_783747-MLA70623817816_072023-V.jpg
Mini Autitos De Juguete Infantil Temático Smoby Planet X 1un;1.975;https://articulo.mercadolibre.com.ar/MLA-869544416-mini-autitos-de-juguete-infantil-tematico-smoby-planet-x-1un-_JM#position=17&search_layout=stack&type=item&tracking_id=55a1f7b9-f1b2-434d-9f9d-810e195a973d;https://http2.mlstatic.com/D_NQ_NP_730248-MLA42808319107_072020-V.jpg
Autito Control Remoto Gadnic Twist15 Giros Camioneta Monster Color Azul;44.999;https://www.mercadolibre.com.ar/autito-control-remoto-gadnic-twist15-giros-camioneta-monster-color-azul/p/MLA19077813?pdp_filters=category:MLA432871#searchVariation=MLA19077813&position=5&search_layout=stack&type=product&tracking_id=55a1f7b9-f1b2-434d-9f9d-810e195a973d;https://http2.mlstatic.com/D_NQ_NP_825337-MLU73140758247_112023-V.jpg
Autitos Coleccion Shell Ferrari V-power 599 Gtb Fiorano;7.500;https://articulo.mercadolibre.com.ar/MLA-1103492208-autitos-coleccion-shell-ferrari-v-power-599-gtb-fiorano-_JM#position=18&search_layout=stack&type=item&tracking_id=55a1f7b9-f1b2-434d-9f9d-810e195a973d;https://http2.mlstatic.com/D_NQ_NP_945785-MLA47518610148_092021-V.jpg
Camion + 6 Autitos Cars Rayo Mcqueen Jackson Storm Ditoys;18.659;https://articulo.mercadolibre.com.ar/MLA-835872179-camion-6-autitos-cars-rayo-mcqueen-jackson-storm-ditoys-_JM#position=19&search_layout=stack&type=item&tracking_id=55a1f7b9-f1b2-434d-9f9d-810e195a973d;https://http2.mlstatic.com/D_NQ_NP_712368-MLA40540018156_012020-V.jpg
Camión Valija Juguete C/rampa 12 Autitos De Colección Metal;39.500;https://articulo.mercadolibre.com.ar/MLA-899195387-camion-valija-juguete-crampa-12-autitos-de-coleccion-metal-_JM#position=20&search_layout=stack&type=item&tracking_id=55a1f7b9-f1b2-434d-9f9d-810e195a973d;https://http2.mlstatic.com/D_NQ_NP_930170-MLA44436356092_122020-V.jpg
Blister De 5 Autitos Metalico Unidades 6.5 Cm Cada Uno Auto;4.574;https://articulo.mercadolibre.com.ar/MLA-1404847532-blister-de-5-autitos-metalico-unidades-65-cm-cada-uno-auto-_JM#position=21&search_layout=stack&type=item&tracking_id=55a1f7b9-f1b2-434d-9f9d-810e195a973d;https://http2.mlstatic.com/D_NQ_NP_646471-MLA54973222015_042023-V.jpg
Autitos De Coleccion  Lionels 52020b En Blister;3.971;https://articulo.mercadolibre.com.ar/MLA-924316447-autitos-de-coleccion-lionels-52020b-en-blister-_JM?searchVariation=87178025343#searchVariation=87178025343&position=22&search_layout=stack&type=item&tracking_id=55a1f7b9-f1b2-434d-9f9d-810e195a973d;https://http2.mlstatic.com/D_NQ_NP_898580-MLA46302892702_062021-V.jpg
Autitos En Blister Speed Racing Car Auto Carrera X15 Unidade;3.990;https://articulo.mercadolibre.com.ar/MLA-1395726967-autitos-en-blister-speed-racing-car-auto-carrera-x15-unidade-_JM#position=23&search_layout=stack&type=item&tracking_id=55a1f7b9-f1b2-434d-9f9d-810e195a973d;https://http2.mlstatic.com/D_NQ_NP_719048-MLA72876995179_112023-V.jpg
Autitos Hot Wheels X Unidad Al Azar. Rey;3.249;https://articulo.mercadolibre.com.ar/MLA-1459966250-autitos-hot-wheels-x-unidad-al-azar-rey-_JM#position=24&search_layout=stack&type=item&tracking_id=55a1f7b9-f1b2-434d-9f9d-810e195a973d;https://http2.mlstatic.com/D_NQ_NP_729684-MLA70723550315_072023-V.jpg
Duravit Camión Mini Frontal 358;1.700;https://www.mercadolibre.com.ar/duravit-camion-mini-frontal-358/p/MLA22688583?pdp_filters=category:MLA432871#searchVariation=MLA22688583&position=6&search_layout=stack&type=product&tracking_id=55a1f7b9-f1b2-434d-9f9d-810e195a973d;https://http2.mlstatic.com/D_NQ_NP_867564-MLU73129012992_122023-V.jpg
Autito Maisto 1967 Buick Grand National;3.699;https://articulo.mercadolibre.com.ar/MLA-1395864761-autito-maisto-1967-buick-grand-national-_JM#position=25&search_layout=stack&type=item&tracking_id=55a1f7b9-f1b2-434d-9f9d-810e195a973d;https://http2.mlstatic.com/D_NQ_NP_890920-MLA72825807278_112023-V.jpg
Camion Para Hot Wheels Fibrofacil;4.248;https://articulo.mercadolibre.com.ar/MLA-861066903-camion-para-hot-wheels-fibrofacil-_JM#position=26&search_layout=stack&type=item&tracking_id=55a1f7b9-f1b2-434d-9f9d-810e195a973d;https://http2.mlstatic.com/D_NQ_NP_801056-MLA42131907282_062020-V.jpg
Hot Wheels Key Cars Llave Lanzador Autito Dispara E.full;7.129;https://articulo.mercadolibre.com.ar/MLA-1126581216-hot-wheels-key-cars-llave-lanzador-autito-dispara-efull-_JM#position=27&search_layout=stack&type=item&tracking_id=55a1f7b9-f1b2-434d-9f9d-810e195a973d;https://http2.mlstatic.com/D_NQ_NP_963969-MLA44535452369_012021-V.jpg
Hot Wheels Valija Porta Autos Lanzador Car Case Hwcc7;40.183;https://articulo.mercadolibre.com.ar/MLA-1145955081-hot-wheels-valija-porta-autos-lanzador-car-case-hwcc7-_JM#position=28&search_layout=stack&type=item&tracking_id=55a1f7b9-f1b2-434d-9f9d-810e195a973d;https://http2.mlstatic.com/D_NQ_NP_625358-MLA50613120065_072022-V.jpg
Welly 1:34 Volkswagen 1963 Bus T1 Rojo 49764cw E. Full;15.285;https://www.mercadolibre.com.ar/welly-134-volkswagen-1963-bus-t1-rojo-49764cw-e-full/p/MLA21756927?pdp_filters=category:MLA432871#searchVariation=MLA21756927&position=7&search_layout=stack&type=product&tracking_id=55a1f7b9-f1b2-434d-9f9d-810e195a973d;https://http2.mlstatic.com/D_NQ_NP_608597-MLA43897189794_102020-V.jpg
Caja Autitos X 6 Metal Caja Cars Blister Autos Niños Oferta ;3.000;https://articulo.mercadolibre.com.ar/MLA-1114868090-caja-autitos-x-6-metal-caja-cars-blister-autos-ninos-oferta-_JM#position=29&search_layout=stack&type=item&tracking_id=55a1f7b9-f1b2-434d-9f9d-810e195a973d;https://http2.mlstatic.com/D_NQ_NP_633451-MLA50929785219_072022-V.jpg
Autitos Hot Wheels De Mattel ;6.500;https://articulo.mercadolibre.com.ar/MLA-1384384325-autitos-hot-wheels-de-mattel-_JM#position=30&search_layout=stack&type=item&tracking_id=55a1f7b9-f1b2-434d-9f9d-810e195a973d;https://http2.mlstatic.com/D_NQ_NP_624615-MLA69841826903_062023-V.jpg
Autos Autitos Plásticos Duravit Souvenir X 24 Unidades;11.990;https://articulo.mercadolibre.com.ar/MLA-614423368-autos-autitos-plasticos-duravit-souvenir-x-24-unidades-_JM#position=31&search_layout=stack&type=item&tracking_id=55a1f7b9-f1b2-434d-9f9d-810e195a973d;https://http2.mlstatic.com/D_NQ_NP_818169-MLA31351132989_072019-V.jpg
Pista Con Rampa Y Lanzador + 2 Autitos Gol Online;5.500;https://articulo.mercadolibre.com.ar/MLA-1280970627-pista-con-rampa-y-lanzador-2-autitos-gol-online-_JM#position=32&search_layout=stack&type=item&tracking_id=55a1f7b9-f1b2-434d-9f9d-810e195a973d;https://http2.mlstatic.com/D_NQ_NP_910709-MLA52872085865_122022-V.jpg
Autito De Colección Beast Machines Metal Teamsterz 14141;3.126;https://articulo.mercadolibre.com.ar/MLA-1394906355-autito-de-coleccion-beast-machines-metal-teamsterz-14141-_JM#position=33&search_layout=stack&type=item&tracking_id=55a1f7b9-f1b2-434d-9f9d-810e195a973d;https://http2.mlstatic.com/D_NQ_NP_861848-MLA72748904379_112023-V.jpg
Mini Autito De Duravit Pack X 5;2.700;https://articulo.mercadolibre.com.ar/MLA-1285516249-mini-autito-de-duravit-pack-x-5-_JM#position=34&search_layout=stack&type=item&tracking_id=55a1f7b9-f1b2-434d-9f9d-810e195a973d;https://http2.mlstatic.com/D_NQ_NP_841827-MLA52961274598_122022-V.jpg
Pista Lanzadora Autitos 3 Autitos Mini Track Todatucasa;9.980;https://articulo.mercadolibre.com.ar/MLA-1540952394-pista-lanzadora-autitos-3-autitos-mini-track-todatucasa-_JM#position=35&search_layout=stack&type=item&tracking_id=55a1f7b9-f1b2-434d-9f9d-810e195a973d;https://http2.mlstatic.com/D_NQ_NP_967728-MLA72358159131_102023-V.jpg
Autitos Dinos Goma Suave Dinosaurios Autos Original Bebe Sc;3.537;https://articulo.mercadolibre.com.ar/MLA-1286573893-autitos-dinos-goma-suave-dinosaurios-autos-original-bebe-sc-_JM#position=36&search_layout=stack&type=item&tracking_id=55a1f7b9-f1b2-434d-9f9d-810e195a973d;https://http2.mlstatic.com/D_NQ_NP_611720-MLA54967651624_042023-V.jpg
Autos Autito Friccion X3 Unidades Blister Colores Juguetes;3.490;https://articulo.mercadolibre.com.ar/MLA-1470459134-autos-autito-friccion-x3-unidades-blister-colores-juguetes-_JM#position=37&search_layout=stack&type=item&tracking_id=55a1f7b9-f1b2-434d-9f9d-810e195a973d;https://http2.mlstatic.com/D_NQ_NP_953009-MLA71025985399_082023-V.jpg
Camion Valija Porta Autos + 6 Autos Y 2 Cono Duende Azul Ful;18.590;https://articulo.mercadolibre.com.ar/MLA-819981572-camion-valija-porta-autos-6-autos-y-2-cono-duende-azul-ful-_JM#position=38&search_layout=stack&type=item&tracking_id=55a1f7b9-f1b2-434d-9f9d-810e195a973d;https://http2.mlstatic.com/D_NQ_NP_932155-MLA48451608389_122021-V.jpg
Juego De Camion De Juguete Transportador + Auto Tc Regalo;3.948;https://www.mercadolibre.com.ar/juego-de-camion-de-juguete-transportador-auto-tc-regalo/p/MLA22935245?pdp_filters=category:MLA432871#searchVariation=MLA22935245&position=8&search_layout=stack&type=product&tracking_id=55a1f7b9-f1b2-434d-9f9d-810e195a973d;https://http2.mlstatic.com/D_NQ_NP_938963-MLU72700390987_112023-V.jpg
Camión Rondi Transporter Con Autitos Punto Bebe;11.700;https://articulo.mercadolibre.com.ar/MLA-610866144-camion-rondi-transporter-con-autitos-punto-bebe-_JM#position=39&search_layout=stack&type=item&tracking_id=55a1f7b9-f1b2-434d-9f9d-810e195a973d;https://http2.mlstatic.com/D_NQ_NP_828305-MLA54934019585_042023-V.jpg
Hot Wheels Screen Time Mario Bros 1/64 Autito Mariokart;5.500;https://articulo.mercadolibre.com.ar/MLA-1459224310-hot-wheels-screen-time-mario-bros-164-autito-mariokart-_JM#position=40&search_layout=stack&type=item&tracking_id=55a1f7b9-f1b2-434d-9f9d-810e195a973d;https://http2.mlstatic.com/D_NQ_NP_862044-MLA73107303647_112023-V.jpg
Hot Wheels Porta Autos Lata Metal Car Case Hwcc2 Intek;11.517;https://articulo.mercadolibre.com.ar/MLA-1145703973-hot-wheels-porta-autos-lata-metal-car-case-hwcc2-intek-_JM#position=41&search_layout=stack&type=item&tracking_id=55a1f7b9-f1b2-434d-9f9d-810e195a973d;https://http2.mlstatic.com/D_NQ_NP_928925-MLA50613323726_072022-V.jpg
Turbo Touch Ball Autito Rodante Chicco;2.299;https://articulo.mercadolibre.com.ar/MLA-879429732-turbo-touch-ball-autito-rodante-chicco-_JM#position=42&search_layout=stack&type=item&tracking_id=55a1f7b9-f1b2-434d-9f9d-810e195a973d;https://http2.mlstatic.com/D_NQ_NP_719869-MLA43506934306_092020-V.jpg
Autito Colección Matchbox Ford Bronco 1/64;5.000;https://articulo.mercadolibre.com.ar/MLA-1459237472-autito-coleccion-matchbox-ford-bronco-164-_JM#position=43&search_layout=stack&type=item&tracking_id=55a1f7b9-f1b2-434d-9f9d-810e195a973d;https://http2.mlstatic.com/D_NQ_NP_910199-MLA70676588816_072023-V.jpg
Autitos Micro Wheels X 3 Unidades Símil Micromachines ;3.500;https://articulo.mercadolibre.com.ar/MLA-1551449418-autitos-micro-wheels-x-3-unidades-simil-micromachines-_JM#position=44&search_layout=stack&type=item&tracking_id=55a1f7b9-f1b2-434d-9f9d-810e195a973d;https://http2.mlstatic.com/D_NQ_NP_923440-MLA71333891360_082023-V.jpg
Autitos Autos Juguete Speed Klin Elis Calzados ;1.199;https://articulo.mercadolibre.com.ar/MLA-1157998490-autitos-autos-juguete-speed-klin-elis-calzados-_JM#position=45&search_layout=stack&type=item&tracking_id=55a1f7b9-f1b2-434d-9f9d-810e195a973d;https://http2.mlstatic.com/D_NQ_NP_946467-MLA51278516550_082022-V.jpg
Autito Maisto Gi Joe Jeep Ford Gp 1/64;5.000;https://articulo.mercadolibre.com.ar/MLA-1389566695-autito-maisto-gi-joe-jeep-ford-gp-164-_JM#position=46&search_layout=stack&type=item&tracking_id=55a1f7b9-f1b2-434d-9f9d-810e195a973d;https://http2.mlstatic.com/D_NQ_NP_896429-MLA72044647361_102023-V.jpg
Repisa Para 60 Autos Inolvidables Md Vitrinas ;36.000;https://articulo.mercadolibre.com.ar/MLA-859836247-repisa-para-60-autos-inolvidables-md-vitrinas-_JM#position=47&search_layout=stack&type=item&tracking_id=55a1f7b9-f1b2-434d-9f9d-810e195a973d;https://http2.mlstatic.com/D_NQ_NP_866129-MLA42059933030_062020-V.jpg
Camion C/ 6 Autitos Cars Jackson Storm Rayo Mcqueen Ditoys;18.659;https://articulo.mercadolibre.com.ar/MLA-917391127-camion-c-6-autitos-cars-jackson-storm-rayo-mcqueen-ditoys-_JM#position=48&search_layout=stack&type=item&tracking_id=55a1f7b9-f1b2-434d-9f9d-810e195a973d;https://http2.mlstatic.com/D_NQ_NP_681431-MLA45666374365_042021-V.jpg
Estación Portátil Para Autitos - El Duende Azul;43.390;https://www.mercadolibre.com.ar/estacion-portatil-para-autitos-el-duende-azul/p/MLA27623634?pdp_filters=category:MLA432871#searchVariation=MLA27623634&position=11&search_layout=stack&type=product&tracking_id=55a1f7b9-f1b2-434d-9f9d-810e195a973d;https://http2.mlstatic.com/D_NQ_NP_818015-MLU72529777323_102023-V.jpg
Autito De Plástico Caja X 10 Autos Juguete Souvenir Regalos;3.365;https://articulo.mercadolibre.com.ar/MLA-1393156479-autito-de-plastico-caja-x-10-autos-juguete-souvenir-regalos-_JM#position=49&search_layout=stack&type=item&tracking_id=55a1f7b9-f1b2-434d-9f9d-810e195a973d;https://http2.mlstatic.com/D_NQ_NP_729307-MLA72431034243_102023-V.jpg
Express Wheels Mega Pack 20 Piezas 15 Autos + Alfombra Juego;44.999;https://articulo.mercadolibre.com.ar/MLA-1395247963-express-wheels-mega-pack-20-piezas-15-autos-alfombra-juego-_JM#position=50&search_layout=stack&type=item&tracking_id=55a1f7b9-f1b2-434d-9f9d-810e195a973d;https://http2.mlstatic.com/D_NQ_NP_926884-MLA72721230750_112023-V.jpg
Monster Jam - Grave Digger 1:64 Con Autito Para Pisar -metal;16.428;https://articulo.mercadolibre.com.ar/MLA-1305486515-monster-jam-grave-digger-164-con-autito-para-pisar-metal-_JM#position=51&search_layout=stack&type=item&tracking_id=55a1f7b9-f1b2-434d-9f9d-810e195a973d;https://http2.mlstatic.com/D_NQ_NP_622728-MLA53227530214_012023-V.jpg
Pack Autos Mini Micro Machines Hualer Autitos 86110 ;17.690;https://articulo.mercadolibre.com.ar/MLA-899156782-pack-autos-mini-micro-machines-hualer-autitos-86110-_JM#position=52&search_layout=stack&type=item&tracking_id=55a1f7b9-f1b2-434d-9f9d-810e195a973d;https://http2.mlstatic.com/D_NQ_NP_740483-MLA72360895039_102023-V.jpg
Repisa Para Autos Hot Wheels Fibrofacil;4.830;https://articulo.mercadolibre.com.ar/MLA-878971814-repisa-para-autos-hot-wheels-fibrofacil-_JM#position=53&search_layout=stack&type=item&tracking_id=55a1f7b9-f1b2-434d-9f9d-810e195a973d;https://http2.mlstatic.com/D_NQ_NP_836974-MLA54844157920_042023-V.jpg
Camión Valija Juguete A Fricción Porta 6 Autitos Colección ;11.890;https://articulo.mercadolibre.com.ar/MLA-1387083106-camion-valija-juguete-a-friccion-porta-6-autitos-coleccion-_JM#position=54&search_layout=stack&type=item&tracking_id=55a1f7b9-f1b2-434d-9f9d-810e195a973d;https://http2.mlstatic.com/D_NQ_NP_694835-MLA54911879056_042023-V.jpg
Repisa Para 40 Autos 1/43 Md Vitrinas ;26.250;https://articulo.mercadolibre.com.ar/MLA-833923297-repisa-para-40-autos-143-md-vitrinas-_JM#position=55&search_layout=stack&type=item&tracking_id=55a1f7b9-f1b2-434d-9f9d-810e195a973d;https://http2.mlstatic.com/D_NQ_NP_948171-MLA40398483353_012020-V.jpg
